Altium Designer Pick and Place Locations
d:\LimePCBs\LimeKEY_RPCM\GIT\hardware\1v4\Project Outputs for LimePSB-RPCM_1v4\Pick Place\Pick Place for LimePSB-RPCM_1v4(Default).csv

========================================================================================================================
File Design Information:

Date:       20-06-25
Time:       12:57
Revision:   c3c3daceb34e2eb0064f6173af109606c330b875
Variant:    Default
Units used: mm

"Designator","Comment","Layer","Footprint","Center-X(mm)","Center-Y(mm)","Rotation","Description"
"MECH4","SMD spacer (M2, 1.5mm)","TopLayer","9774015243R_SMT_M2_STANDOFF_SPACER","98.7250","73.0500","90",""
"MECH12","SMD spacer (M2, 1.5mm)","TopLayer","9774015243R_SMT_M2_STANDOFF_SPACER","56.1250","24.4750","90",""
"MECH10","SMD spacer (M2, 1.5mm)","TopLayer","9774015243R_SMT_M2_STANDOFF_SPACER","89.1250","24.4750","90",""
"MECH8","SMD spacer (M2, 1.5mm)","TopLayer","9774015243R_SMT_M2_STANDOFF_SPACER","89.1250","72.4750","90",""
"MECH6","SMD spacer (M2, 1.5mm)","TopLayer","9774015243R_SMT_M2_STANDOFF_SPACER","56.1250","72.4750","90",""
"MECH2","SMD spacer (M2, 1.5mm)","TopLayer","9774015243R_SMT_M2_STANDOFF_SPACER","122.9250","73.0500","90",""
"R41","1k, 1%","BottomLayer","RES0402","132.8058","95.2183","90",""
"IC57","F2972NEGK","TopLayer","F2972NEGK_SPDT_RF_switch_12-TQFN","142.1400","94.2433","90",""
"J46","SMA panel mount","TopLayer","SMA_connector_side","116.0500","105.2750","270","CONN SMA JACK STR 50OHM EDGE MNT"
"R268","100R, 1%","BottomLayer","RES0402","144.0250","98.0750","90",""
"R267","100R, 1%","BottomLayer","RES0402","106.0250","98.0750","90",""
"R262","100R, 1%","BottomLayer","RES0402","155.1433","95.9250","180",""
"R261","100R, 1%","BottomLayer","RES0402","117.1433","95.9250","180",""
"ESD38","ESD8472","TopLayer","ESD8472_X3DFN2","116.1750","100.5250","360",""
"C248","100pF, 50V","BottomLayer","CAP0402","142.4250","96.5250","360",""
"C247","100pF, 50V","BottomLayer","CAP0402","104.4250","96.5250","360",""
"C246","100pF, 50V","BottomLayer","CAP0402","144.5250","96.5250","180",""
"C245","100pF, 50V","BottomLayer","CAP0402","106.5250","96.5250","180",""
"C239","100pF, 50V","TopLayer","CAP0402","101.8250","95.9000","270",""
"L12","0R","BottomLayer","RES0402","153.5428","89.2832","180",""
"L11","0R","BottomLayer","RES0402","115.5428","89.2832","180",""
"R328","100R, 1%","BottomLayer","RES0402","153.1500","85.7000","270",""
"R324","68R, 1%","BottomLayer","RES0402","151.8650","90.5110","90",""
"R323","68R, 1%","BottomLayer","RES0402","113.8650","90.4610","90",""
"R266","49.9R, 1%","TopLayer","RES0402","154.0250","90.6500","360",""
"R265","49.9R, 1%","TopLayer","RES0402","116.0250","90.6500","360",""
"IC73","LTC5587","BottomLayer","LTC5587_DFN12","146.9000","86.7500","360",""
"IC72","LTC5587","BottomLayer","LTC5587_DFN12","108.9000","86.7500","360",""
"IC55","HHM22152A2","TopLayer","HHM22152A2_DIRECTIONAL_COUPLER","155.7500","90.2750","90",""
"IC53","HHM22152A2","TopLayer","HHM22152A2_DIRECTIONAL_COUPLER","117.7500","90.2750","90",""
"FR23","600R, 0.5A","BottomLayer","RES0402","150.5150","88.6860","360",""
"FR21","600R, 0.5A","BottomLayer","RES0402","112.5150","88.6860","360",""
"C327","100nF, 16V","BottomLayer","CAP0402","152.1750","83.0500","270",""
"C325","1uF, 10V","BottomLayer","CAP0402","153.2000","83.0500","90","CAP CER 1UF 10V X5R 0402"
"C324","10nF, 50V","BottomLayer","CAP0402","143.6400","88.3610","180",""
"C317","1uF, 10V","BottomLayer","CAP0402","150.5150","87.6360","180","CAP CER 1UF 10V X5R 0402"
"C316","1uF, 10V","BottomLayer","CAP0402","150.5150","85.3360","180","CAP CER 1UF 10V X5R 0402"
"C315","1uF, 10V","BottomLayer","CAP0402","143.6400","85.9610","360","CAP CER 1UF 10V X5R 0402"
"C314","1uF, 10V","BottomLayer","CAP0402","150.5095","86.4555","360","CAP CER 1UF 10V X5R 0402"
"C313","1.5pF, 50V","BottomLayer","CAP0402","155.0928","88.7832","270",""
"C312","1nF, 50V","BottomLayer","CAP0402","143.6400","87.0860","360",""
"C311","1nF, 50V","BottomLayer","CAP0402","150.2650","90.0610","180",""
"C310","10nF, 50V","BottomLayer","CAP0402","105.6400","88.3610","180",""
"C308","1uF, 10V","BottomLayer","CAP0402","112.5150","87.6360","180","CAP CER 1UF 10V X5R 0402"
"C307","1uF, 10V","BottomLayer","CAP0402","112.5150","85.3360","180","CAP CER 1UF 10V X5R 0402"
"C306","1uF, 10V","BottomLayer","CAP0402","105.6400","85.9610","360","CAP CER 1UF 10V X5R 0402"
"C304","1uF, 10V","BottomLayer","CAP0402","112.5150","86.4860","360","CAP CER 1UF 10V X5R 0402"
"C302","1.5pF, 50V","BottomLayer","CAP0402","117.0928","88.7832","270",""
"C300","1nF, 50V","BottomLayer","CAP0402","105.6400","87.0860","360",""
"C299","1nF, 50V","BottomLayer","CAP0402","112.2650","90.0610","180",""
"R2","0R","TopLayer","RES0402_v2","107.6250","17.3500","0",""
"R104","330R, 1%","BottomLayer","RES0402","109.1750","2.2000","270",""
"R94","10k, 1%","BottomLayer","RES0402","86.6750","32.4250","90",""
"IC33","74LVC1G3157FZ4","BottomLayer","74LVC1G3157FZ4_SPDT_SW_DFN1410-6","136.4000","4.2500","270",""
"IC32","TMUX1204DGSR","BottomLayer","TMUX1204DGSR_ANALOG_SWITCH_10-TSSOP","88.2500","8.2250","180",""
"IC45","74LVC1G3157FZ4","BottomLayer","74LVC1G3157FZ4_SPDT_SW_DFN1410-6","106.5875","16.7500","180",""
"IC41","74LVC1G3157FZ4","BottomLayer","74LVC1G3157FZ4_SPDT_SW_DFN1410-6","97.2625","22.6250","180",""
"IC42","74LVC1G3157FZ4","BottomLayer","74LVC1G3157FZ4_SPDT_SW_DFN1410-6","96.2500","40.2250","270",""
"IC43","74LVC1G3157FZ4","BottomLayer","74LVC1G3157FZ4_SPDT_SW_DFN1410-6","103.0750","25.5500","90",""
"IC40","74LVC1G3157FZ4","BottomLayer","74LVC1G3157FZ4_SPDT_SW_DFN1410-6","95.1625","26.4500","180",""
"IC15","MCP23017-E/ML","BottomLayer","MCP23017-E/ML_QFN28","82.2250","29.4750","360",""
"C133","100nF, 16V","BottomLayer","CAP0402","136.4000","2.0750","90",""
"C117","100nF, 16V","BottomLayer","CAP0402","84.2000","6.7250","90",""
"C193","100nF, 16V","BottomLayer","CAP0402","104.9125","16.2500","90",""
"C171","100nF, 16V","BottomLayer","CAP0402","95.5875","22.1250","90",""
"C181","100nF, 16V","BottomLayer","CAP0402","96.7500","38.5500","180",""
"C182","100nF, 16V","BottomLayer","CAP0402","102.5750","27.2250","360",""
"C170","100nF, 16V","BottomLayer","CAP0402","93.4875","25.9500","90",""
"C50","100nF, 16V","BottomLayer","CAP0402","87.1750","30.7750","360",""
"C53","100nF, 16V","BottomLayer","CAP0402","78.1000","30.6250","90",""
"R29","0R","BottomLayer","RES0402_v2","55.8500","34.7000","360",""
"R69","0R","TopLayer","RES0402_v2","129.3465","73.1286","315",""
"R250","2k2, 1%","BottomLayer","RES0402","66.0750","50.4750","180",""
"J24","SMA panel mount","TopLayer","SMA_connector_side","101.8000","105.2750","270","CONN SMA JACK STR 50OHM EDGE MNT"
"ESD2","ESD8472","BottomLayer","ESD8472_X3DFN2","102.0250","100.6000","0",""
"R110","330R, 1%","BottomLayer","RES0402","113.3500","2.3500","90",""
"J31","Header 10X2","TopLayer","Header10x2_TH_2MM","26.3000","32.1000","270","Header, 10-Pin, Dual row"
"XO6","U8073LF 10.0MHz","TopLayer","AOCJYR-10.000MHz","132.1250","9.0250","90",""
"R74","1k, 1%","BottomLayer","RES0402","25.5750","6.8000","360",""
"R73","10k, 1%","BottomLayer","RES0402","102.7500","16.6250","90",""
"R138","0R","BottomLayer","RES0402","72.0750","20.8000","90",""
"R136","0R","BottomLayer","RES0402","70.9750","20.8000","90",""
"R120","10k, 1%","BottomLayer","RES0402","115.2400","48.8600","90",""
"R119","0R","BottomLayer","RES0402","115.2400","50.9600","90",""
"R115","0R","BottomLayer","RES0402","112.8150","50.9600","270",""
"R118","0R","BottomLayer","RES0402","98.2100","48.6900","90",""
"R112","0R","BottomLayer","RES0402","92.3000","29.8250","90",""
"R111","0R","BottomLayer","RES0402","93.4000","29.1250","90",""
"R252","0R","TopLayer","RES0402","133.5750","68.8000","180",""
"R113","0R","BottomLayer","RES0402","100.6350","48.6900","90",""
"R249","0R","TopLayer","RES0402","137.0000","71.1500","360",""
"R243","10R, 1%","TopLayer","RES0402","133.0000","70.4500","270",""
"R242","0R","TopLayer","RES0402","139.7750","72.3250","180",""
"R260","0R","BottomLayer","RES0402","141.5250","47.8750","90",""
"R109","10k, 1%","BottomLayer","RES0402","96.2500","42.9750","180",""
"R107","330R, 1%","BottomLayer","RES0402","110.2000","4.3000","90",""
"R121","10k, 1%","BottomLayer","RES0402","100.6350","50.7900","90",""
"R123","100R, 1%","BottomLayer","RES0603","130.8250","43.8250","270",""
"R228","0R","BottomLayer","RES0402","123.3643","8.6244","360",""
"R318","2.4k, 1%","BottomLayer","RES0402","138.4250","39.6750","180",""
"R313","1.2k, 1%","BottomLayer","RES0402","136.3250","39.6750","360",""
"R322","510R, 1%","BottomLayer","RES0402","126.6000","49.3750","270",""
"R320","1.6k, 1%","BottomLayer","RES0402","126.6000","51.4750","90",""
"R106","0R","BottomLayer","RES0402","118.0750","49.5000","90",""
"R105","0R","BottomLayer","RES0402","119.1750","49.5000","90",""
"R103","0R","BottomLayer","RES0402","120.2750","49.5000","90",""
"R220","49.9R, 1%","BottomLayer","RES0402","126.6643","13.7494","360",""
"R219","0R","BottomLayer","RES0402","128.8393","11.5244","180",""
"R218","0R","BottomLayer","RES0402","134.9000","3.0472","90",""
"R217","0R","BottomLayer","RES0402_v2","131.2750","14.3000","270",""
"LED7","LED_RG_SMD","TopLayer","LED-2x0603","111.3101","2.5500","90",""
"L1","47nH","TopLayer","RES0402","130.2000","71.0500","360",""
"J39","U.FL/MMCX","TopLayer","MMCX_UFL_conn_u","110.0750","9.7250","270","CONN UMC RCPT STR 50 OHM SMD"
"IC12","MCP23017-E/ML","BottomLayer","MCP23017-E/ML_QFN28","100.8000","10.8750","360",""
"IC18","ICE5LP4K-SG48ITR","BottomLayer","ICE5LP4K-SG48ITR_Lattice_FPGA_QFN48","120.1250","42.4500","360",""
"IC48","NEO-M8Q","TopLayer","NEO-7M/8M","135.6000","60.0250","90","GNSS engine for GPS/QZSS, GLONASS"
"IC35","74LVC1G3157FZ4","BottomLayer","74LVC1G3157FZ4_SPDT_SW_DFN1410-6","142.7360","18.1850","90",""
"IC67","AP7361-FGE","BottomLayer","AP7361","136.8000","36.6500","270",""
"IC71","AP7361-FGE","BottomLayer","AP7361","123.5750","51.0000","180",""
"IC39","LMK00105","BottomLayer","LMK00105SQ","127.4143","7.9244","180",""
"FR12","600R, 0.5A","BottomLayer","RES0402","142.6250","47.8750","90",""
"FR18","600R, 2A","BottomLayer","RES0805","120.7500","55.6250","270",""
"FR11","600R, 0.5A","BottomLayer","RES0402","132.9750","7.4250","90",""
"FR10","600R, 0.5A","BottomLayer","RES0402","128.6643","2.7744","180",""
"FR9","600R, 2A","BottomLayer","RES0805","128.2750","16.8000","180",""
"D2","BAS316","BottomLayer","BAS316_DIODE_SOD323","104.1000","44.6000","180",""
"C46","100nF, 16V","BottomLayer","CAP0402","96.3250","12.0250","90",""
"C44","100nF, 16V","BottomLayer","CAP0402","102.2500","15.0750","180",""
"C202","100nF, 16V","TopLayer","CAP0402","137.2500","68.8000","360",""
"C196","22pF, 50V","TopLayer","CAP0402","131.7500","71.5750","270",""
"C204","100nF, 16V","BottomLayer","CAP0402","139.9000","48.4250","180",""
"C198","10uF, 6.3V","TopLayer","CAP0603","141.1250","69.9750","180",""
"C197","1uF, 10V","TopLayer","CAP0402","140.7750","71.2750","180","CAP CER 1UF 10V X5R 0402"
"C206","100pF, 50V","BottomLayer","CAP0402","142.0250","49.4250","360",""
"C199","100pF, 50V","TopLayer","CAP0402","129.7000","69.4500","270",""
"C205","100nF, 16V","TopLayer","CAP0402","143.4500","51.3750","180",""
"C54","100nF, 16V","BottomLayer","CAP0402","93.4250","41.4750","270",""
"C56","100nF, 16V","BottomLayer","CAP0402","125.2000","46.4000","90",""
"C55","4.7uF, 6.3V","BottomLayer","CAP0402","126.2000","46.4000","270",""
"C58","100nF, 16V","BottomLayer","CAP0402","127.9000","40.7000","270",""
"C57","4.7uF, 6.3V","BottomLayer","CAP0402","129.1500","40.7000","90",""
"C60","100nF, 16V","BottomLayer","CAP0402","122.3750","47.6000","360",""
"C59","4.7uF, 6.3V","BottomLayer","CAP0402","122.3750","48.6000","180",""
"C62","100nF, 16V","BottomLayer","CAP0402","115.1250","39.2000","270",""
"C61","4.7uF, 6.3V","BottomLayer","CAP0402","114.1000","39.2000","90",""
"C67","100nF, 16V","BottomLayer","CAP0402","114.2250","42.2000","90",""
"C66","4.7uF, 6.3V","BottomLayer","CAP0402","113.2250","42.2000","270",""
"C69","100nF, 16V","BottomLayer","CAP0402","127.9000","42.8000","270",""
"C68","4.7uF, 6.3V","BottomLayer","CAP0402","128.9000","42.8000","90",""
"C65","100nF, 16V","BottomLayer","CAP0402","127.9000","44.9000","90",""
"C64","4.7uF, 6.3V","BottomLayer","CAP0402","128.9000","44.9000","270",""
"C151","100nF, 16V","BottomLayer","CAP0402","142.7360","20.1750","270",""
"C291","4.7uF, 6.3V","BottomLayer","CAP0402","134.2250","39.6750","360",""
"C292","4.7uF, 6.3V","BottomLayer","CAP0402","101.8000","42.5250","180",""
"C290","4.7uF, 6.3V","BottomLayer","CAP0402","133.9250","35.2750","360",""
"C297","4.7uF, 6.3V","BottomLayer","CAP0402","126.6000","53.5750","270",""
"C296","4.7uF, 6.3V","BottomLayer","CAP0402","122.2000","53.8750","270",""
"C188","100pF, 50V","BottomLayer","CAP0402","130.7143","5.9244","90",""
"C187","100pF, 50V","BottomLayer","CAP0402","130.7143","9.5494","270",""
"C186","100pF, 50V","BottomLayer","CAP0402","123.3393","7.1744","360",""
"C185","100pF, 50V","BottomLayer","CAP0402","123.3893","9.6744","360",""
"C184","100nF, 16V","BottomLayer","CAP0402","131.8393","9.5494","270",""
"C183","1uF, 10V","BottomLayer","CAP0402","132.9643","9.5494","270","CAP CER 1UF 10V X5R 0402"
"C177","100pF, 50V","BottomLayer","CAP0402","130.7500","11.9750","90",""
"C176","100pF, 50V","BottomLayer","CAP0402","128.6643","4.8244","180",""
"C175","100nF, 16V","BottomLayer","CAP0402","131.8750","11.9750","90",""
"C174","1uF, 10V","BottomLayer","CAP0402","128.6643","3.8244","180","CAP CER 1UF 10V X5R 0402"
"C169","100nF, 16V","BottomLayer","CAP0402","126.0643","12.0244","270",""
"C168","100nF, 16V","BottomLayer","CAP0402","129.5500","13.7500","360",""
"C167","100nF, 16V","BottomLayer","CAP0402","127.1643","12.0244","90",""
"C166","100pF, 50V","BottomLayer","CAP0402","131.3500","3.0500","270",""
"C165","10uF, 16V","BottomLayer","CAP0603","133.6000","2.6972","90",""
"C164","100nF, 16V","BottomLayer","CAP0402","132.3500","3.0500","90",""
"IC21","NX3DV42GU","TopLayer","FSUSB42UMX","72.5750","17.8000","270",""
"IC47","NX3DV42GU","BottomLayer","FSUSB42UMX","67.3228","47.7500","270",""
"IC13","EMC2301-1-ACZL-TR","BottomLayer","EMC2301-1-ACZL-TR_MOTOR_DRIVER_TSSOP8","22.2500","12.1250","180",""
"DSW1","4 bit switch","TopLayer","SW_4WAY_SMD_1P27","14.0000","3.5650","270",""
"R254","10k, 1%","BottomLayer","RES0402","65.2000","48.7500","90",""
"R162","10k, 1%","BottomLayer","RES0402","11.8750","2.8750","90",""
"R78","1k, 1%","BottomLayer","RES0402","15.7500","13.4750","360",""
"R80","12k, 1%","BottomLayer","RES0402","16.7500","12.3750","0",""
"R82","10k, 1%","BottomLayer","RES0402","18.3500","12.8750","90",""
"R98","0R","BottomLayer","RES0402","22.2000","9.5000","360",""
"IC1","74LVC1G3157FZ4","BottomLayer","74LVC1G3157FZ4_SPDT_SW_DFN1410-6","86.3750","67.0750","270",""
"C9","100nF, 16V","BottomLayer","CAP0402","86.3750","65.0000","270",""
"C49","100nF, 16V","BottomLayer","CAP0402","15.7500","14.5250","0",""
"C45","100nF, 16V","BottomLayer","CAP0402","26.0500","11.3000","270",""
"VD13","TVS","BottomLayer","SOD323","23.8500","40.0750","270",""
"VD12","TVS","BottomLayer","SOD323","23.8500","36.0750","90",""
"VD17","TVS","BottomLayer","SOD323","17.1250","29.8000","180",""
"VD16","TVS","BottomLayer","SOD323","17.1250","31.8000","180",""
"ESD6","ESD8472","BottomLayer","ESD8472_X3DFN2","23.8500","33.1000","180",""
"ESD5","ESD8472","BottomLayer","ESD8472_X3DFN2","23.8500","31.1000","180",""
"ESD4","ESD8472","BottomLayer","ESD8472_X3DFN2","24.0750","27.3250","90",""
"ESD3","ESD8472","BottomLayer","ESD8472_X3DFN2","24.0750","24.8750","270",""
"ESD34","ESD8472","BottomLayer","ESD8472_X3DFN2","16.1000","34.8000","360",""
"ESD33","ESD8472","BottomLayer","ESD8472_X3DFN2","16.1000","32.8000","360",""
"ESD32","ESD8472","BottomLayer","ESD8472_X3DFN2","16.1000","28.8000","360",""
"ESD31","ESD8472","BottomLayer","ESD8472_X3DFN2","16.1000","26.8000","360",""
"C203","100nF, 16V","BottomLayer","CAP0402","65.2000","46.6500","270",""
"R102","0R","BottomLayer","RES0402","141.5750","66.5750","270",""
"L3","220nH, 2%","TopLayer","RES0603","153.8250","87.3250","90",""
"L2","220nH, 2%","TopLayer","RES0603","115.8250","87.3250","90",""
"J33","48406-0003","TopLayer","Dual_USB_48406-0003_Molex","11.2600","30.8000","270",""
"IC27","NX3DV42GU","BottomLayer","FSUSB42UMX","22.8250","23.0750","270",""
"IC30","FUSB340TMX","BottomLayer","FUSB340TMX_USB_SWITCH_18-XFQFN","17.2229","20.1250","90",""
"IC26","NX3DV42GU","BottomLayer","FSUSB42UMX","22.8250","19.1500","270",""
"IC29","FUSB340TMX","BottomLayer","FUSB340TMX_USB_SWITCH_18-XFQFN","20.9000","27.0750","180",""
"ESD1","ESD8472","TopLayer","ESD8472_X3DFN2","12.8250","100.1750","270",""
"ESD30","ESD8472","TopLayer","ESD8472_X3DFN2","7.7750","63.4500","270",""
"ESD29","ESD8472","TopLayer","ESD8472_X3DFN2","7.5750","70.5500","90",""
"ESD28","ESD8472","TopLayer","ESD8472_X3DFN2","7.8000","68.2250","90",""
"ESD27","ESD8472","TopLayer","ESD8472_X3DFN2","8.3250","67.3733","270",""
"ESD26","ESD8472","BottomLayer","ESD8472_X3DFN2","5.9750","68.2000","90",""
"ESD25","ESD8472","BottomLayer","ESD8472_X3DFN2","5.9750","67.1250","270",""
"ESD24","ESD8472","TopLayer","ESD8472_X3DFN2","9.1233","67.2233","90",""
"ESD23","ESD8472","TopLayer","ESD8472_X3DFN2","9.1250","65.9733","270",""
"ESD22","ESD8472","BottomLayer","ESD8472_X3DFN2","5.9733","66.0716","90",""
"ESD21","ESD8472","BottomLayer","ESD8472_X3DFN2","5.9733","64.9966","270",""
"ESD20","ESD8472","TopLayer","ESD8472_X3DFN2","8.4750","65.5500","90",""
"ESD19","ESD8472","TopLayer","ESD8472_X3DFN2","8.4767","64.3000","270",""
"ESD18","ESD8472","TopLayer","ESD8472_X3DFN2","7.7750","47.2500","270",""
"ESD17","ESD8472","TopLayer","ESD8472_X3DFN2","7.8000","53.4500","90",""
"ESD16","ESD8472","TopLayer","ESD8472_X3DFN2","7.7983","52.0233","90",""
"ESD15","ESD8472","TopLayer","ESD8472_X3DFN2","8.3250","51.1733","270",""
"ESD14","ESD8472","BottomLayer","ESD8472_X3DFN2","5.9750","52.0000","90",""
"ESD13","ESD8472","BottomLayer","ESD8472_X3DFN2","5.9750","50.9250","270",""
"ESD12","ESD8472","TopLayer","ESD8472_X3DFN2","9.1233","51.0233","90",""
"ESD11","ESD8472","TopLayer","ESD8472_X3DFN2","9.1250","49.7733","270",""
"ESD10","ESD8472","BottomLayer","ESD8472_X3DFN2","5.9733","49.8717","90",""
"ESD9","ESD8472","BottomLayer","ESD8472_X3DFN2","5.9733","48.7967","270",""
"ESD8","ESD8472","TopLayer","ESD8472_X3DFN2","8.4750","49.3500","90",""
"ESD7","ESD8472","TopLayer","ESD8472_X3DFN2","8.4767","48.1000","270",""
"C2","100nF, 16V","TopLayer","CAP0402","94.3000","30.9750","180",""
"C1","100nF, 16V","TopLayer","CAP0402","94.3000","29.9750","180",""
"C108","100nF, 16V","BottomLayer","CAP0402","17.3229","22.8500","90",""
"C106","100nF, 16V","BottomLayer","CAP0402","18.3250","22.8500","90",""
"C110","100nF, 16V","BottomLayer","CAP0402","20.5750","18.6500","270",""
"C107","100nF, 16V","BottomLayer","CAP0402","18.2500","27.1750","180",""
"C105","100nF, 16V","BottomLayer","CAP0402","18.2500","28.1750","180",""
"C109","100nF, 16V","BottomLayer","CAP0402","21.2500","29.5000","360",""
"C93","47uF, 10V","BottomLayer","CAP1206","6.8000","34.2500","360",""
"C104","100nF, 16V","BottomLayer","CAP0402","20.5750","22.0750","270",""
"C103","100nF, 16V","BottomLayer","CAP0402","20.0500","16.8250","360",""
"R331","10k, 1%","BottomLayer","RES0402","65.3250","95.9500","90",""
"C101","100nF, 16V","TopLayer","CAP0402","11.9500","70.3500","90",""
"C100","100nF, 16V","BottomLayer","CAP0402","7.7750","53.6750","90",""
"VD11","TVS","BottomLayer","SOD323","26.4500","42.7250","360",""
"VD15","TVS","BottomLayer","SOD323","8.2500","28.5250","90",""
"R140","0R","TopLayer","RES0402","77.0750","13.1750","270",""
"R143","10k, 1%","BottomLayer","RES0402","79.1500","23.1000","180",""
"R150","2k2, 1%","TopLayer","RES0402","75.8500","17.7000","270",""
"R149","2k2, 1%","TopLayer","RES0402","77.0750","17.7000","90",""
"C86","100nF, 16V","TopLayer","CAP0402","74.7750","16.5250","270",""
"R130","0R","BottomLayer","RES0402","62.4750","23.1500","360",""
"R127","0R","BottomLayer","RES0402","62.4750","24.2500","360",""
"R134","10k, 1%","BottomLayer","RES0402","76.3750","23.0750","360",""
"R135","1M, 1%","BottomLayer","RES0402","66.4250","20.1500","270",""
"C77","100nF, 16V","BottomLayer","CAP0402","70.7500","33.5500","90",""
"C76","1uF, 10V","BottomLayer","CAP0402","71.7485","33.5475","270","CAP CER 1UF 10V X5R 0402"
"IC20","USB2517","BottomLayer","USB2517-JZX-TR_USB_HUB_QFN64","69.8750","27.2000","360",""
"C74","22pF, 50V","BottomLayer","CAP0402","65.3750","21.3250","270",""
"R131","10k, 1%","TopLayer","RES0402","67.1750","24.5000","180",""
"R46","2k2, 1%","BottomLayer","RES0402","62.5400","16.6150","90",""
"R45","2k2, 1%","BottomLayer","RES0402","61.2700","16.6150","90",""
"IC11","ATECC508A","BottomLayer","ATECC508A_UDFN8","56.4250","11.3250","90",""
"IC8","CAT24C128WI-GT3","BottomLayer","SOIC127P600-8DL_v2","63.1750","11.3250","90","CAT24C128WI-GT3"
"C43","100nF, 16V","BottomLayer","CAP0402","57.7750","16.1750","180",""
"C36","100nF, 16V","BottomLayer","CAP0402","64.5250","16.1750","180",""
"XT2","24MHz","BottomLayer","CRYSTAL_4-LCC","63.0500","19.8865","270","Oscillator Crystal 25 MHz"
"VD10","TVS","BottomLayer","SOD323","30.0250","39.0750","180",""
"VD14","TVS","BottomLayer","SOD323","7.3250","32.2750","360",""
"R129","10k, 1%","BottomLayer","RES0402","76.3750","24.1750","180",""
"R321","1.2k, 1%","BottomLayer","RES0402","129.4250","32.9000","270",""
"R319","1k, 1%","BottomLayer","RES0402","127.8250","33.4000","180",""
"F10","0R","BottomLayer","RES0805","37.8750","52.4750","180",""
"R311","0R","BottomLayer","RES0402","159.1000","32.9500","270",""
"R310","330R, 1%","BottomLayer","RES0402","160.8750","33.1250","360",""
"R338","1k, 1%","BottomLayer","RES0402","70.0161","77.3951","90",""
"R334","5.1k, 5%","BottomLayer","RES0402","71.6161","76.8951","180",""
"R286","100k, 1%","BottomLayer","RES0402","102.5500","67.6000","270",""
"R285","100k, 1%","BottomLayer","RES0402","112.2500","67.0500","270",""
"R288","100k, 1%","BottomLayer","RES0402","132.8250","73.0750","270",""
"R287","100k, 1%","BottomLayer","RES0402","150.6250","76.2000","90",""
"R160","0R","BottomLayer","RES0402","34.2000","25.3750","180",""
"R159","470R, 1%","BottomLayer","RES0402","32.4250","26.4750","360",""
"R157","0R","BottomLayer","RES0402","40.1665","25.3285","360",""
"R147","10k, 1%","TopLayer","RES0402","76.7250","19.8063","270",""
"R145","0R","TopLayer","RES0402","77.8250","19.8063","90",""
"R133","12k, 1%","TopLayer","RES0402","66.0125","21.7125","270",""
"R132","0R","TopLayer","RES0402","69.2750","24.5000","360",""
"R128","10k, 1%","TopLayer","RES0402","79.5000","8.3500","180",""
"R50","0R","BottomLayer","RES0402_v2","74.9760","44.8600","90",""
"R14","100k, 1%","BottomLayer","RES0402","45.4000","35.2750","270",""
"IC69","AS431","BottomLayer","SOT23-3_v2","159.4250","28.9750","270",""
"IC24","MIC2039","BottomLayer","SOT23-6","37.3250","27.3370","180",""
"C323","220uF, 16V","TopLayer","CAP_POL_SIZE_F_v2","58.6000","83.1750","180",""
"C322","220uF, 16V","TopLayer","CAP_POL_SIZE_F_v2","71.8500","83.3000","360",""
"C320","22nF, 50V","TopLayer","CAP0402","62.3250","88.1500","270",""
"C319","10uF, 25V","TopLayer","CAP0805","69.4500","78.0000","180",""
"C91","47uF, 10V","BottomLayer","CAP1206","30.7000","24.9500","180",""
"C90","100nF, 16V","BottomLayer","CAP0402","33.6500","31.0250","90",""
"C88","47uF, 10V","BottomLayer","CAP1206","30.0250","29.0750","270",""
"C89","1uF, 10V","BottomLayer","CAP0402","40.2100","27.8370","270",""
"C87","100nF, 16V","BottomLayer","CAP0402","81.6500","11.5250","270",""
"C85","1uF, 10V","TopLayer","CAP0402","73.0750","21.6500","90","CAP CER 1UF 10V X5R 0402"
"C84","100nF, 16V","TopLayer","CAP0402","71.9000","22.0250","270",""
"C83","100nF, 16V","BottomLayer","CAP0402","69.2000","33.1750","360",""
"C81","100nF, 16V","BottomLayer","CAP0402","75.0750","21.4750","180",""
"C80","100nF, 16V","TopLayer","CAP0402","65.2750","23.4750","180",""
"C79","100nF, 16V","TopLayer","CAP0402","65.0750","24.4750","180",""
"C78","1uF, 10V","BottomLayer","CAP0402","69.1750","34.2500","180","CAP CER 1UF 10V X5R 0402"
"C75","22pF, 50V","BottomLayer","CAP0402","65.3750","19.1500","90",""
"C73","100nF, 16V","BottomLayer","CAP0402","64.1250","29.0750","90",""
"C72","100nF, 16V","TopLayer","CAP0402","67.8000","21.7250","270",""
"C71","1uF, 10V","TopLayer","CAP0402","68.8000","21.7250","90","CAP CER 1UF 10V X5R 0402"
"C70","1uF, 10V","BottomLayer","CAP0402","75.7500","26.0500","180","CAP CER 1UF 10V X5R 0402"
"R339","2k2, 1%","BottomLayer","RES0402","9.0250","6.3250","180",""
"J55","Header 2X1","TopLayer","HDR_1x2","11.9000","9.0500","90",""
"R43","0R","BottomLayer","RES0402","108.9250","99.8500","270",""
"R306","100R, 1%","BottomLayer","RES0805","30.8250","50.3250","270",""
"FL4","Fiducial","BottomLayer","Fiducial_local","49.0000","69.5250","180",""
"FL3","Fiducial","BottomLayer","Fiducial_local","140.0750","25.8000","180",""
"FL2","Fiducial","TopLayer","Fiducial_local","51.2500","69.4500","0",""
"VD20","SK36A","TopLayer","SK32A-L_DIODE_DO-214AC","53.3750","90.9000","360","Diode Schottky SMD SOD-523F"
"VD19","SK36A","BottomLayer","SK32A-L_DIODE_DO-214AC","53.5500","94.5250","360","Diode Schottky SMD SOD-523F"
"R65","1.6k, 1%","BottomLayer","RES0402","73.8510","60.2350","0",""
"R64","1.6k, 1%","BottomLayer","RES0402","71.7510","60.2350","0",""
"R63","1.6k, 1%","BottomLayer","RES0402","69.6510","60.2350","0",""
"R58","10k, 1%","BottomLayer","RES0402","74.3510","61.8350","270",""
"R57","10k, 1%","BottomLayer","RES0402","72.2510","61.8350","270",""
"R56","10k, 1%","BottomLayer","RES0402","70.1510","61.8350","270",""
"R49","10k, 1%","BottomLayer","RES0402","82.9000","50.5000","90",""
"R55","0R","TopLayer","RES0402_v2","17.9000","99.3500","360",""
"C39","100nF, 16V","BottomLayer","CAP0402","73.8510","59.1850","180",""
"C38","100nF, 16V","BottomLayer","CAP0402","71.7510","59.1850","180",""
"MECH38","RF SHIELD FRAME","TopLayer","RF_SHIELD_FRAME_16P5x16P5_2118716-2_v1","122.3500","90.8751","0",""
"MECH36","RF SHIELD FRAME","TopLayer","RF_SHIELD_FRAME_16P5x16P5_2118716-2_v1","103.3502","90.8751","0",""
"MECH37","RF SHIELD FRAME","TopLayer","RF_SHIELD_FRAME_16P5x16P5_2118716-2_v1","160.3497","90.8751","0",""
"MECH35","RF SHIELD FRAME","TopLayer","RF_SHIELD_FRAME_16P5x16P5_2118716-2_v1","141.3499","90.8751","0",""
"R247","0R","BottomLayer","RES0402","63.5250","44.9720","180",""
"R257","0R","BottomLayer","RES0402","62.9000","54.9530","0",""
"R20","0R","BottomLayer","RES0402","161.6000","63.1000","90",""
"R26","470R, 1%","BottomLayer","RES0402","6.5100","56.9230","90",""
"R25","10k, 1%","BottomLayer","RES0402","8.7000","56.4380","180",""
"R23","10k, 1%","BottomLayer","RES0402","10.8000","55.7000","270",""
"C14","100nF, 16V","BottomLayer","CAP0402","162.6500","64.9000","360",""
"C17","100nF, 16V","BottomLayer","CAP0402","6.5100","61.2730","90",""
"C16","1uF, 10V","BottomLayer","CAP0402","12.3850","59.2250","270",""
"IC75","IRF9358TRPBF","BottomLayer","IRF9358TRPBF_DUAL_NMOS_SOIC8","60.1500","95.9750","90",""
"MECH18","Light pipe","TopLayer","LIGHT_PIPE_RIGHT_ANGLE_SLP3-200-100-F","66.2605","5.3025","270",""
"MECH17","Light pipe","TopLayer","LIGHT_PIPE_RIGHT_ANGLE_SLP3-200-100-F","103.7605","5.3000","270",""
"MECH16","Light pipe","TopLayer","LIGHT_PIPE_RIGHT_ANGLE_SLP3-200-100-F","96.2605","5.3025","270",""
"MECH15","Light pipe","TopLayer","LIGHT_PIPE_RIGHT_ANGLE_SLP3-200-100-F","88.7605","5.3025","270",""
"MECH14","Light pipe","TopLayer","LIGHT_PIPE_RIGHT_ANGLE_SLP3-200-100-F","81.2605","5.3025","270",""
"MECH13","Light pipe","TopLayer","LIGHT_PIPE_RIGHT_ANGLE_SLP3-200-100-F","73.7605","5.3025","270",""
"IC76","CYPD3177-24LQXQT","BottomLayer","USB_POWER_DISTR_CYPD3177_QFN24","67.1500","73.3250","180",""
"MECH42","RF SHIELD COVER","TopLayer","RF_SHIELD_COVER_16Px916P9_2118715-2","-297.1000","-240.4500","90",""
"MECH41","RF SHIELD COVER","TopLayer","RF_SHIELD_COVER_16Px916P9_2118715-2","-297.1000","-240.4500","90",""
"MECH40","RF SHIELD COVER","TopLayer","RF_SHIELD_COVER_16Px916P9_2118715-2","-297.1000","-240.4500","90",""
"MECH39","RF SHIELD COVER","TopLayer","RF_SHIELD_COVER_16Px916P9_2118715-2","-297.1000","-240.4500","90",""
"FAN1","12V DC FAN","TopLayer","FAN_80mm_V1","85.0000","50.0000","360",""
"VD5","TVS","BottomLayer","SOD323","83.1000","90.4250","90",""
"VD6","TVS","BottomLayer","SOD323","81.7250","97.4750","360",""
"VD7","TVS","BottomLayer","SOD323","81.2250","90.4250","90",""
"VD8","TVS","BottomLayer","SOD323","78.6000","92.7750","90",""
"J52","Header 2X1","TopLayer","Header1x2_TH_LOCKING","18.3250","84.7750","360",""
"J10","Header 10X2","TopLayer","HEADER10X2_TH_LOCK","164.3500","43.2500","90","Header, 10-Pin, Dual row"
"XT1","32.768kHz","BottomLayer","CRYSTAL_2PIN_RTC_RT3215","138.0800","64.1345","360",""
"VD22","SK36A","BottomLayer","SK32A-L_DIODE_DO-214AC","35.3000","48.1250","270","Diode Schottky SMD SOD-523F"
"VD18","SK36A","TopLayer","SK32A-L_DIODE_DO-214AC","53.3750","95.2750","360","Diode Schottky SMD SOD-523F"
"TP8","TESTPOINT_THT_MINI","BottomLayer","TP-SMD-LOW_PROFILE","117.7000","52.8000","90","Test Point PCB mount Miniature White"
"TP7","TESTPOINT_THT_MINI","TopLayer","TP-SMD-LOW_PROFILE","162.7750","9.2750","0","Test Point PCB mount Miniature White"
"TP6","TESTPOINT_THT_MINI","BottomLayer","TP-SMD-LOW_PROFILE","46.6250","50.8250","180","Test Point PCB mount Miniature White"
"TP5","TESTPOINT_THT_MINI","TopLayer","TP-SMD-LOW_PROFILE","18.6250","58.7750","0","Test Point PCB mount Miniature White"
"R174","470R, 1%","BottomLayer","RES0402","21.3850","56.8230","90",""
"R294","470R, 1%","BottomLayer","RES0402","135.6350","78.3625","360",""
"R293","470R, 1%","BottomLayer","RES0402","155.2730","78.3900","360",""
"R296","470R, 1%","BottomLayer","RES0402","105.3480","72.8900","360",""
"R295","470R, 1%","BottomLayer","RES0402","113.4250","71.8500","360",""
"R169","0R","BottomLayer","RES0402","19.4630","39.0000","270",""
"R165","0R","BottomLayer","RES0402","22.5380","40.0000","90",""
"R168","470R, 1%","BottomLayer","RES0402","17.0230","40.1980","90",""
"R335","5.1k, 5%","BottomLayer","RES0402","72.7161","74.6701","180",""
"R333","44.2k, 1%","BottomLayer","RES0402","65.3250","93.4500","90",""
"R332","1k, 1%","BottomLayer","RES0402","71.6361","73.5750","180",""
"R346","10k, 1%","BottomLayer","RES0402","69.1161","69.2951","270",""
"R350","10k, 1%","BottomLayer","RES0402","65.1161","69.2951","90",""
"R342","2.4k, 1%","BottomLayer","RES0402","71.0661","69.8451","270",""
"R340","2.4k, 1%","BottomLayer","RES0402","71.1161","75.1701","270",""
"R336","5.1k, 5%","BottomLayer","RES0402","72.1661","71.9701","90",""
"R341","2.4k, 1%","BottomLayer","RES0402","71.0661","71.9701","90",""
"R337","5.1k, 5%","BottomLayer","RES0402","72.1661","69.8451","270",""
"R309","44.2k, 1%","TopLayer","RES0402","41.9250","57.9750","360",""
"R308","3k, 1%","TopLayer","RES0402","44.3750","57.1250","90",""
"R307","100k, 1%","TopLayer","RES0402","41.9250","61.0750","180",""
"R303","22k, 1%","TopLayer","RES0402","42.7091","56.8341","180",""
"R178","0R","BottomLayer","RES0402","148.1500","28.7500","360",""
"F9","0R","BottomLayer","RES0805","50.1000","97.5500","0",""
"R297","0R","BottomLayer","RES0805","40.8750","97.0500","90",""
"R348","0R","BottomLayer","RES0402","62.1661","69.7951","180",""
"R349","0R","BottomLayer","RES0402","61.5661","72.0701","180",""
"R3","0R","BottomLayer","RES0402","101.5000","23.4750","90",""
"R8","0R","BottomLayer","RES0402","115.1750","23.5750","90",""
"R6","0R","BottomLayer","RES0402","114.0750","23.5750","90",""
"R171","10k, 1%","BottomLayer","RES0402","25.6750","55.8380","270",""
"R173","10k, 1%","BottomLayer","RES0402","23.5750","56.3380","180",""
"R292","10k, 1%","BottomLayer","RES0402","135.1500","76.1725","90",""
"R291","10k, 1%","BottomLayer","RES0402","154.7880","76.2000","90",""
"R290","10k, 1%","BottomLayer","RES0402","104.8630","70.7000","90",""
"R48","22k, 1%","BottomLayer","RES0402","82.7510","61.8350","270",""
"R61","10k, 1%","BottomLayer","RES0402","80.6510","61.8350","270",""
"R68","1.6k, 1%","BottomLayer","RES0402","80.1510","60.2350","0",""
"R60","10k, 1%","BottomLayer","RES0402","78.5510","61.8350","270",""
"R67","1.6k, 1%","BottomLayer","RES0402","78.0510","60.2350","0",""
"R59","10k, 1%","BottomLayer","RES0402","76.4510","61.8350","270",""
"R66","1.6k, 1%","BottomLayer","RES0402","75.9510","60.2350","0",""
"R15","10k, 1%","BottomLayer","RES0402","54.1000","59.4000","90",""
"R90","100k, 1%","BottomLayer","RES0402","4.0250","32.3000","360",""
"R89","0R","BottomLayer","RES0402","2.1750","21.3250","360",""
"R19","2k2, 1%","BottomLayer","RES0402","160.6000","53.2500","180",""
"R16","2k2, 1%","BottomLayer","RES0402","160.6000","52.1500","180",""
"R101","470k, 1%","BottomLayer","RES0402","144.1250","62.8000","360",""
"R100","470k, 1%","BottomLayer","RES0402","144.1250","59.6000","360",""
"L10","3.3�H","TopLayer","FDVE1040_TOKO_INDUCTOR","44.2250","50.7000","180",""
"J27","Header 2X1","TopLayer","Header1x2_TH_LOCKING","12.4910","16.6090","90",""
"J26","4 pin FAN header","TopLayer","Header1x4_TH_LOCKING_v2","5.3670","14.0662","90",""
"J21","SMA panel mount","TopLayer","SMA_connector_side","11.2000","105.2750","270","CONN SMA JACK STR 50OHM EDGE MNT"
"J12","Header 7X2","TopLayer","Header7x2_TH","151.6250","63.5250","90","Header, 7-Pin, Dual row"
"J35","Micro HDMI","TopLayer","MICRO_HDMI_Wurth_685119248123","4.0876","66.5983","270","Also compatible with Molex 0467651301 and Amphenol 10118242-001RLF"
"J34","Micro HDMI","TopLayer","MICRO_HDMI_Wurth_685119248123","4.0876","50.3983","270","Also compatible with Molex 0467651301 and Amphenol 10118242-001RLF"
"J36","SMA panel mount","TopLayer","SMA_connector_side","26.2000","105.2750","270","CONN SMA JACK STR 50OHM EDGE MNT"
"J38","SMA panel mount","TopLayer","SMA_connector_side","41.2000","105.2750","270","CONN SMA JACK STR 50OHM EDGE MNT"
"J8","Header 5X1","TopLayer","Header1x5_TH_LOCKING","165.8750","68.2750","270",""
"J43","SMA panel mount","TopLayer","SMA_connector_side","158.8000","105.2750","270","CONN SMA JACK STR 50OHM EDGE MNT"
"J47","SMA panel mount","TopLayer","SMA_connector_side","144.5500","105.2750","270","CONN SMA JACK STR 50OHM EDGE MNT"
"J42","SMA panel mount","TopLayer","SMA_connector_side","130.3000","105.2750","270","CONN SMA JACK STR 50OHM EDGE MNT"
"J22","U.FL/MMCX","TopLayer","MMCX_UFL_conn_u","18.3750","96.0250","360","CONN UMC RCPT STR 50 OHM SMD"
"IC17","74LVC1G34QSE-7","BottomLayer","74AHCT1G126SE-7_BUFFER_SOT353","143.6250","65.1152","90",""
"IC14","PCF85063AT","BottomLayer","PCF85063AT_RTC_SOIC-8","139.3750","58.9000","270",""
"IC28","MIC2039","BottomLayer","SOT23-6","24.3750","58.6250","180",""
"IC3","74LVC1G34QSE-7","BottomLayer","74AHCT1G126SE-7_BUFFER_SOT353","49.0248","31.1000","180",""
"IC2","74LVC1G34QSE-7","BottomLayer","74AHCT1G126SE-7_BUFFER_SOT353","49.0248","33.8903","180",""
"IC74","AG5712-LPB","TopLayer","AG5712-LPB_PoE_PD_module","33.7750","81.5000","90",""
"IC60","MIC2039","BottomLayer","SOT23-6","115.2270","68.8600","90",""
"IC61","MIC2039","BottomLayer","SOT23-6","107.1500","69.9000","90",""
"IC62","MIC2039","BottomLayer","SOT23-6","157.0750","75.4000","90",""
"IC63","MIC2039","BottomLayer","SOT23-6","137.4370","75.3725","90",""
"IC58","SPF5043Z","TopLayer","SPF5043Z_SOT-343","105.2400","87.4000","90",""
"IC59","SPF5043Z","TopLayer","SPF5043Z_SOT-343","143.2400","87.4000","90",""
"IC52","TQP3M9018","TopLayer","TQP3M9018_PA_QFN16","121.6750","88.7750","180",""
"IC54","TQP3M9018","TopLayer","TQP3M9018_PA_QFN16","159.6750","88.7750","180",""
"IC51","F2972NEGK","TopLayer","F2972NEGK_SPDT_RF_switch_12-TQFN","158.9750","94.0500","180",""
"IC56","F2972NEGK","TopLayer","F2972NEGK_SPDT_RF_switch_12-TQFN","104.1400","94.2433","90",""
"IC50","F2972NEGK","TopLayer","F2972NEGK_SPDT_RF_switch_12-TQFN","120.9750","94.0500","180",""
"IC25","MIC2039","BottomLayer","SOT23-6","20.0130","42.0000","180",""
"IC65","ADP2386","TopLayer","ADP2386","45.6750","61.3250","90",""
"IC4","MIC2039","BottomLayer","SOT23-6","9.5000","58.7250","180",""
"IC6","MCP3208","BottomLayer","MCP3208-CI/SL_SOIC16","76.1579","53.7271","270","2.7V 4-Channel/8-Channel 12-Bit A/D Converters with SPI Serial Interface, 16-Pin SOIC 150mil, C Performance Grade, Industrial Temperature"
"FR3","600R, 0.5A","BottomLayer","RES0402","71.8760","43.7850","90",""
"ESD37","ESD8472","TopLayer","ESD8472_X3DFN2","158.5750","99.9750","180",""
"ESD39","ESD8472","TopLayer","ESD8472_X3DFN2","144.3250","100.2250","180",""
"ESD36","ESD8472","TopLayer","ESD8472_X3DFN2","130.4250","100.5250","360",""
"D1","BAT54C","BottomLayer","BAT54C_SOT23-3","134.9084","54.6880","360",""
"D3","NZH10C-115","BottomLayer","NZH10C,115_shottky_diode_SOD123","67.1500","95.3750","90",""
"C331","1uF, 10V","BottomLayer","CAP0402","67.2661","77.8451","0","CAP CER 1UF 10V X5R 0402"
"C333","100nF, 16V","BottomLayer","CAP0402","67.2661","76.8451","180",""
"C332","100nF, 16V","BottomLayer","CAP0402","67.2661","78.8451","180",""
"C330","1uF, 10V","BottomLayer","CAP0402","68.8911","77.3951","270","CAP CER 1UF 10V X5R 0402"
"C329","1uF, 25V","BottomLayer","CAP0603","54.7000","99.1000","360",""
"C326","1uF, 25V","BottomLayer","CAP0603","63.7750","95.9250","90",""
"C328","1uF, 25V","BottomLayer","CAP0603","60.1000","102.4000","270",""
"C334","390pF, 50V","BottomLayer","CAP0402","62.7911","73.2451","180",""
"C335","390pF, 50V","BottomLayer","CAP0402","62.7911","74.3701","180",""
"C285","100nF, 16V","TopLayer","CAP0402","41.9250","60.0250","360",""
"C284","1200pF, 50V","TopLayer","CAP0402","40.3855","58.4750","90",""
"C283","2.2pF, 50V","TopLayer","CAP0402","41.9250","59.0250","180",""
"C282","1uF, 10V","TopLayer","CAP0402","45.4250","57.1250","270",""
"C279","47uF, 6.3V","TopLayer","CAP1206","34.9750","54.9000","270",""
"C278","10uF, 25V","TopLayer","CAP0805","40.7250","63.0500","360",""
"C277","100nF, 16V","TopLayer","CAP0402","46.4250","64.8250","360",""
"C35","100nF, 16V","BottomLayer","CAP0402","72.3760","47.4600","180",""
"C34","1uF, 10V","BottomLayer","CAP0402","72.3760","46.4600","180",""
"C29","4.7uF, 6.3V","BottomLayer","CAP0402","72.3760","45.4600","180",""
"C52","100nF, 16V","BottomLayer","CAP0402","143.7854","67.5500","180",""
"C48","100nF, 16V","BottomLayer","CAP0402","137.9700","54.6880","360",""
"C15","100nF, 16V","BottomLayer","CAP0402","51.8000","31.2597","270",""
"C11","100nF, 16V","BottomLayer","CAP0402","51.8000","34.0500","270",""
"C99","100nF, 16V","BottomLayer","CAP0402","22.4100","61.1730","90",""
"C256","100nF, 16V","BottomLayer","CAP0402","139.9850","77.3375","360",""
"C255","100nF, 16V","BottomLayer","CAP0402","159.6230","77.3650","360",""
"C254","100nF, 16V","BottomLayer","CAP0402","109.6980","71.8650","360",""
"C95","100nF, 16V","BottomLayer","CAP0402","18.0480","44.5480","90",""
"C98","1uF, 10V","BottomLayer","CAP0402","27.2600","59.1250","270",""
"C252","1uF, 10V","BottomLayer","CAP0402","137.9370","72.4875","180",""
"C251","1uF, 10V","BottomLayer","CAP0402","157.5230","72.5150","180",""
"C250","1uF, 10V","BottomLayer","CAP0402","107.6500","67.0150","180",""
"C94","1uF, 10V","BottomLayer","CAP0402","23.9000","44.2250","360",""
"C96","47uF, 10V","BottomLayer","CAP1206","14.2080","43.6580","360",""
"C271","22nF, 50V","BottomLayer","CAP0402","43.3750","90.1000","270",""
"C272","22nF, 50V","BottomLayer","CAP0402","37.0250","96.1500","270",""
"C270","10uF, 25V","BottomLayer","CAP0805","48.2000","91.1750","180",""
"C32","100nF, 16V","BottomLayer","CAP0402","82.2510","59.1850","180",""
"C42","100nF, 16V","BottomLayer","CAP0402","80.1510","59.1850","180",""
"C41","100nF, 16V","BottomLayer","CAP0402","78.0510","59.1850","180",""
"C40","100nF, 16V","BottomLayer","CAP0402","75.9510","59.1850","180",""
"C131","100pF, 50V","BottomLayer","CAP0402","156.1000","27.1000","180",""
"C4","47uF, 10V","BottomLayer","CAP1206","51.1250","38.6500","360",""
"C10","100nF, 16V","BottomLayer","CAP0402","55.7000","59.9000","360",""
"BR1","KMB210S","BottomLayer","KMB210S_RECTIFIER_BRIDGE","95.3750","91.8500","360",""
"BR2","KMB210S","BottomLayer","KMB210S_RECTIFIER_BRIDGE","74.4250","92.3500","360",""
"VT1","IRLML6244","BottomLayer","SOT23-3","87.9000","16.2700","270","NDS331N"
"VT2","IRLML6244","BottomLayer","SOT23-3","5.3750","26.6000","270","NDS331N"
"VD4","TVS","BottomLayer","SOD323","84.3500","98.4250","270",""
"VD3","TVS","BottomLayer","SOD323","88.1750","90.4250","90",""
"VD2","TVS","BottomLayer","SOD323","86.9000","97.4750","360",""
"VD1","TVS","BottomLayer","SOD323","90.0450","90.4250","90",""
"BTN1","Switch tactile right edge","TopLayer","SW_TACTILE_RIGHT_EDGE","119.5000","3.7750","360",""
"R289","10k, 1%","BottomLayer","RES0402","112.9400","69.6600","90",""
"R32","470R, 1%","BottomLayer","RES0402","75.9000","106.2250","180",""
"R31","470R, 1%","BottomLayer","RES0402","86.6500","106.2250","180",""
"R99","330R, 1%","BottomLayer","RES0402","64.9101","2.3525","90",""
"R33","1k, 1%","BottomLayer","RES0402","87.9099","18.6897","360",""
"R95","330R, 1%","BottomLayer","RES0402","105.7101","3.2500","180",""
"R91","330R, 1%","BottomLayer","RES0402","101.9101","3.2500","0",""
"R28","10k, 1%","BottomLayer","RES0402","119.5250","5.3550","180",""
"R88","330R, 1%","BottomLayer","RES0402","98.2101","3.2500","180",""
"R85","330R, 1%","BottomLayer","RES0402","94.4101","3.2500","0",""
"R81","330R, 1%","BottomLayer","RES0402","90.7101","3.2525","180",""
"R79","330R, 1%","BottomLayer","RES0402","86.9101","3.2525","0",""
"R77","330R, 1%","BottomLayer","RES0402","83.2101","3.2525","180",""
"R75","330R, 1%","BottomLayer","RES0402","79.4101","3.2525","0",""
"R72","330R, 1%","BottomLayer","RES0402","75.7101","3.2525","180",""
"R71","330R, 1%","BottomLayer","RES0402","71.9101","3.2525","0",""
"R42","10k, 1%","BottomLayer","RES0402","84.7500","57.8510","180",""
"L6","22nH, 2%","TopLayer","RES0603","108.5900","86.7500","180",""
"L7","22nH, 2%","TopLayer","RES0603","146.5900","86.7500","180",""
"L4","22nH, 2%","TopLayer","RES0603","118.0250","88.8000","360",""
"L5","22nH, 2%","TopLayer","RES0603","156.0250","88.8000","0",""
"J29","USB type C connector","TopLayer","DUAL_USB-C_632723100011","53.9250","105.1350","180",""
"IC7","LM75","BottomLayer","HWSON8_LM75","85.0000","55.0000","270",""
"FR13","600R, 2A","BottomLayer","RES0805","112.9250","61.8000","90",""
"FR14","600R, 2A","BottomLayer","RES0805","146.8750","71.9500","90",""
"C82","100nF, 16V","TopLayer","CAP0402","70.3500","21.5500","360",""
"C263","100nF, 16V","BottomLayer","CAP0402","113.0750","64.8750","90",""
"C264","100nF, 16V","BottomLayer","CAP0402","146.3250","75.1000","90",""
"C261","1uF, 10V","BottomLayer","CAP0402","111.9500","64.8750","270","CAP CER 1UF 10V X5R 0402"
"C262","1uF, 10V","BottomLayer","CAP0402","147.3250","75.1000","270","CAP CER 1UF 10V X5R 0402"
"C253","100nF, 16V","BottomLayer","CAP0402","117.7750","70.8250","360",""
"C249","1uF, 10V","BottomLayer","CAP0402","115.7270","65.9750","180",""
"C241","100pF, 50V","TopLayer","CAP0402","107.7400","84.9750","270",""
"C242","100pF, 50V","TopLayer","CAP0402","145.7400","84.9750","270",""
"C240","100pF, 50V","TopLayer","CAP0402","139.8250","95.9000","270",""
"C237","100pF, 50V","TopLayer","CAP0402","104.1400","91.4500","270",""
"C238","100pF, 50V","TopLayer","CAP0402","142.1400","91.4500","270",""
"C243","10nF, 50V","TopLayer","CAP0402","103.6400","96.8850","270",""
"C244","10nF, 50V","TopLayer","CAP0402","141.6400","96.8850","270",""
"C234","100pF, 50V","TopLayer","CAP0402","108.9400","88.1375","360",""
"C233","100nF, 16V","TopLayer","CAP0402","108.9400","89.2625","180",""
"C236","100pF, 50V","TopLayer","CAP0402","146.9400","88.1375","360",""
"C235","100nF, 16V","TopLayer","CAP0402","146.9400","89.2625","180",""
"C225","10nF, 50V","TopLayer","CAP0402","118.3334","93.5500","180",""
"C226","10nF, 50V","TopLayer","CAP0402","156.3334","93.5500","180",""
"C231","1uF, 10V","TopLayer","CAP0402","108.9400","90.3875","360","CAP CER 1UF 10V X5R 0402"
"C232","1uF, 10V","TopLayer","CAP0402","146.9400","90.3875","360","CAP CER 1UF 10V X5R 0402"
"C229","470nF, 16V","TopLayer","CAP0805_FEEDTHROUGH","109.4400","92.6625","270",""
"C230","470nF, 16V","TopLayer","CAP0805_FEEDTHROUGH","147.4400","92.6625","270",""
"C227","100pF, 50V","TopLayer","CAP0402","119.4037","96.0500","360",""
"C219","100pF, 50V","TopLayer","CAP0402","123.3750","96.3250","270",""
"C220","100pF, 50V","TopLayer","CAP0402","161.3750","96.3250","270",""
"C224","100pF, 50V","TopLayer","CAP0402","119.3000","92.0500","180",""
"C223","100pF, 50V","TopLayer","CAP0402","157.3000","92.0500","180",""
"C221","100pF, 50V","TopLayer","CAP0402","126.7400","84.9750","270",""
"C222","100pF, 50V","TopLayer","CAP0402","164.7400","84.9750","270",""
"C208","100pF, 50V","BottomLayer","CAP0402","156.6933","96.4250","270",""
"C207","100pF, 50V","BottomLayer","CAP0402","118.6933","96.4250","270",""
"C212","100pF, 50V","BottomLayer","CAP0402","156.6933","94.3250","90",""
"C211","100pF, 50V","BottomLayer","CAP0402","118.6933","94.3250","90",""
"C216","100pF, 50V","TopLayer","CAP0402","115.8250","84.6375","90",""
"C215","100nF, 16V","TopLayer","CAP0402","116.9500","84.6375","270",""
"C218","100pF, 50V","TopLayer","CAP0402","153.8250","84.6375","90",""
"C217","100nF, 16V","TopLayer","CAP0402","154.9500","84.6375","270",""
"C213","1uF, 10V","TopLayer","CAP0402","118.0750","84.6375","90","CAP CER 1UF 10V X5R 0402"
"C214","1uF, 10V","TopLayer","CAP0402","156.0750","84.6375","90","CAP CER 1UF 10V X5R 0402"
"C209","470nF, 16V","TopLayer","CAP0805_FEEDTHROUGH","120.3750","84.6375","180",""
"C210","470nF, 16V","TopLayer","CAP0805_FEEDTHROUGH","158.3750","84.6375","180",""
"C20","100nF, 16V","BottomLayer","CAP0402","85.6250","91.2250","270",""
"C21","100nF, 16V","BottomLayer","CAP0402","119.5250","4.3050","360",""
"C47","100nF, 16V","BottomLayer","CAP0402","4.8750","21.3250","360",""
"C28","100nF, 16V","BottomLayer","CAP0402","84.7500","52.1490","360",""
"R141","10k, 1%","BottomLayer","RES0402","63.0750","30.0750","270",""
"MECH22","# pcs.","BottomLayer","PCB_standoff","166.5000","3.5000","180","STANDOFF M/F MET 5MM HEX 10MM L"
"MECH21","# pcs.","BottomLayer","PCB_standoff","166.5000","106.5000","180","STANDOFF M/F MET 5MM HEX 10MM L"
"MECH20","# pcs.","BottomLayer","PCB_standoff","3.5000","106.5000","180","STANDOFF M/F MET 5MM HEX 10MM L"
"MECH19","# pcs.","BottomLayer","PCB_standoff","3.5000","3.5000","180","STANDOFF M/F MET 5MM HEX 10MM L"
"VD23","SMAJ58A","BottomLayer","SMAJ58A_SHOTTKY_DIODE","63.5750","87.8250","90",""
"R316","510R, 1%","BottomLayer","RES0402","143.8000","42.0500","90",""
"R312","1.6k, 1%","BottomLayer","RES0402","145.4000","41.5500","360",""
"R302","44.2k, 1%","TopLayer","RES0402","39.8000","37.1000","360",""
"R301","2.21k, 1%","TopLayer","RES0402","42.2500","36.2500","90",""
"R300","100k, 1%","TopLayer","RES0402","39.8000","40.2000","180",""
"R298","10k, 1%","TopLayer","RES0402","40.5909","35.9478","360",""
"R216","49.9R, 1%","BottomLayer","RES0402","157.5737","49.5494","90",""
"R215","49.9R, 1%","BottomLayer","RES0402","156.3487","49.5494","90",""
"R214","49.9R, 1%","BottomLayer","RES0402","155.1237","49.5494","90",""
"R212","49.9R, 1%","BottomLayer","RES0402","162.5000","18.1500","270",""
"R211","49.9R, 1%","BottomLayer","RES0402","161.4000","18.1500","270",""
"R209","49.9R, 1%","BottomLayer","RES0402","159.3000","19.4500","270",""
"R207","330R, 1%","BottomLayer","RES0402","165.2990","10.4000","180",""
"R206","10k, 1%","BottomLayer","RES0402","165.3490","13.6000","0",""
"R205","10k, 1%","BottomLayer","RES0402","163.6000","18.1500","90",""
"R199","0R","BottomLayer","RES0402","168.9990","10.9500","270",""
"R203","49.9R, 1%","BottomLayer","RES0402","157.7000","15.2000","180",""
"R201","470R, 1%","BottomLayer","RES0402","167.4490","12.5000","0",""
"R197","0R","BottomLayer","RES0402_v2","155.8487","33.7394","270",""
"R200","1k, 1%","BottomLayer","RES0402","158.3640","17.8400","180",""
"R194","0R","BottomLayer","RES0402","152.6397","44.6594","360",""
"R193","1k, 1%","BottomLayer","RES0402","153.1397","41.9894","270",""
"R196","10R, 1%","BottomLayer","RES0402","167.7250","18.2000","180",""
"R195","49.9R, 1%","BottomLayer","RES0402","159.3000","10.2750","270",""
"R179","49.9R, 1%","BottomLayer","RES0402","152.7500","22.5250","180",""
"R177","0R","BottomLayer","RES0402","150.5750","24.7500","360",""
"R176","0R","BottomLayer","RES0402","147.0250","1.5750","180",""
"R175","0R","BottomLayer","RES0402_v2","147.9500","15.9000","360",""
"R40","220R, 1%","BottomLayer","RES0402","5.9000","79.7250","90",""
"R39","2k2, 1%","BottomLayer","RES0402","4.9750","88.6250","360",""
"R38","100R, 1%","BottomLayer","RES0402","5.4000","81.3250","180",""
"R37","2k2, 1%","BottomLayer","RES0402","8.1250","88.6000","360",""
"R36","100R, 1%","BottomLayer","RES0402","7.7000","81.3250","180",""
"R35","220R, 1%","BottomLayer","RES0402","7.2000","79.7250","90",""
"L13","1uH, 3.2A","TopLayer","NRS4018T3R3MDGJ_inductor","65.3250","87.2250","90",""
"L8","1uH, 3.2A","BottomLayer","NRS4018T3R3MDGJ_inductor","44.2250","93.5500","270",""
"L9","2.2�H","TopLayer","FDVE1040_TOKO_INDUCTOR","42.0886","29.8250","180",""
"J51","Header 2X1","TopLayer","Header1x2_TH_LOCKING","18.3500","76.5000","360",""
"J16","FPC 15-pin","TopLayer","FPC_CONNECTOR_15pin_1-1734248-5","140.5000","31.3750","360",""
"J15","FPC 15-pin","TopLayer","FPC_CONNECTOR_15pin_1-1734248-5","140.5000","22.3750","360",""
"J53","Scap","TopLayer","874370443_1P5_SMD_HEADER","28.0500","52.9750","270","Header, 4-pin"
"IC70","AP7361-FGE","BottomLayer","AP7361","126.9250","30.3500","270",""
"IC66","AP7361-FGE","BottomLayer","AP7361","146.3000","44.6000","90",""
"IC64","ADP2386","TopLayer","ADP2386","43.5500","40.4500","90",""
"IC37","ADF4002","BottomLayer","ADF4002","161.4000","14.1000","90",""
"IC36","AD5662","BottomLayer","AD5662_SOT23-8","156.6737","40.1494","90",""
"IC31","LMK00105","BottomLayer","LMK00105SQ","152.0000","28.3500","360",""
"IC5","NC7WZ16P6X","BottomLayer","SC-70_NC7WZ16P6X","6.5500","77.1250","90",""
"FR22","600R, 2A","BottomLayer","RES0805","60.1500","85.8250","180",""
"FR20","600R, 2A","BottomLayer","RES0805","60.1500","89.8250","180",""
"FR16","600R, 2A","BottomLayer","RES0805","146.2250","49.0500","270",""
"FR8","600R, 0.5A","BottomLayer","RES0402","160.1987","35.0744","270",""
"FR7","600R, 0.5A","BottomLayer","RES0402","154.7000","13.0000","360",""
"FR6","600R, 0.5A","BottomLayer","RES0402","145.2750","26.7250","90",""
"FR5","600R, 0.5A","BottomLayer","RES0402","150.7500","33.5000","360",""
"FR4","600R, 2A","BottomLayer","RES0805","149.9500","1.5750","180",""
"FR2","600R, 0.5A","BottomLayer","RES0402","8.6500","74.4520","270",""
"FR1","600R, 2A","BottomLayer","RES0805","1.3750","78.0500","270",""
"FL1","Fiducial","TopLayer","Fiducial_local","127.8250","33.4000","0",""
"C51","100nF, 16V","BottomLayer","CAP0402","143.6250","61.2000","90",""
"C3","1uF, 10V","TopLayer","CAP0402","153.5250","20.7000","270","CAP CER 1UF 10V X5R 0402"
"C228","100pF, 50V","TopLayer","CAP0402","157.3000","96.0500","360",""
"C309","1000pF, 2kV","BottomLayer","CAP1812","31.5000","73.9500","270",""
"C301","1000pF, 2kV","BottomLayer","CAP1812","31.2000","92.3000","90",""
"C318","22nF, 50V","TopLayer","CAP0402","67.6250","76.5250","360",""
"C321","10uF, 25V","TopLayer","CAP0805","72.4000","89.3000","180",""
"C37","100nF, 16V","BottomLayer","CAP0402","69.6510","59.1850","180",""
"C33","100nF, 16V","BottomLayer","CAP0402","82.4000","53.1500","180",""
"C305","1nF, 100V","BottomLayer","CAP0603","66.2750","87.8250","270",""
"C303","100nF, 100V","BottomLayer","CAP0603","46.5500","79.4250","90",""
"C295","4.7uF, 6.3V","BottomLayer","CAP0402","123.8750","31.4000","90",""
"C294","4.7uF, 6.3V","BottomLayer","CAP0402","126.1750","25.8250","90",""
"C288","4.7uF, 6.3V","BottomLayer","CAP0402","147.7750","41.5500","180",""
"C287","4.7uF, 6.3V","BottomLayer","CAP0402","148.1500","47.2250","180",""
"C276","22nF, 50V","TopLayer","CAP0402","39.8000","39.1750","180",""
"C275","1200pF, 50V","TopLayer","CAP0402","38.2605","37.6000","90",""
"C274","4.7pF, 50V","TopLayer","CAP0402","39.8000","38.1500","180",""
"C273","1uF, 10V","TopLayer","CAP0402","43.3000","36.2500","270",""
"C268","47uF, 6.3V","TopLayer","CAP1206","34.8500","34.0250","270",""
"C267","47uF, 6.3V","TopLayer","CAP1206","32.7312","34.0188","270",""
"C266","10uF, 25V","TopLayer","CAP0805","38.7125","41.9905","360",""
"C265","100nF, 16V","TopLayer","CAP0402","44.3000","43.9500","360",""
"C286","100nF, 16V","BottomLayer","CAP0402","157.4832","31.2950","270",""
"C162","22pF, 50V","BottomLayer","CAP0402","160.3500","18.1500","90",""
"C161","220pF, 50V","BottomLayer","CAP0402","161.9500","10.8250","0",""
"C160","22pF, 50V","BottomLayer","CAP0402","165.7990","12.0000","90",""
"C159","22pF, 50V","BottomLayer","CAP0402","164.7990","12.0000","90",""
"C158","22pF, 50V","BottomLayer","CAP0402","167.4490","11.4500","0",""
"C152","1nF, 50V","BottomLayer","CAP0402","154.4737","38.3744","270",""
"C155","1nF, 50V","BottomLayer","CAP0402","155.7000","15.2000","180",""
"C154","1nF, 50V","BottomLayer","CAP0402","157.7000","14.1000","180",""
"C153","100nF, 16V","BottomLayer","CAP0402","168.3250","16.8000","360",""
"C150","100pF, 50V","BottomLayer","CAP0402","168.3250","15.8000","180",""
"C149","100pF, 50V","BottomLayer","CAP0402","165.6000","17.2000","180",""
"C148","100pF, 50V","BottomLayer","CAP0402","165.6000","16.2000","180",""
"C146","100pF, 50V","BottomLayer","CAP0402","159.5981","38.8644","360",""
"C145","100nF, 16V","BottomLayer","CAP0402","159.5981","37.8644","360",""
"C144","1uF, 10V","BottomLayer","CAP0402","159.5981","36.8644","180","CAP CER 1UF 10V X5R 0402"
"C143","100pF, 50V","BottomLayer","CAP0402","157.7000","9.7750","180",""
"C142","100pF, 50V","BottomLayer","CAP0402","160.4000","10.2750","270",""
"C141","100pF, 50V","BottomLayer","CAP0402","157.2500","12.5000","270",""
"C140","100pF, 50V","BottomLayer","CAP0402","158.2500","12.5000","270",""
"C139","100nF, 16V","BottomLayer","CAP0402","156.2500","12.5000","90",""
"C138","100nF, 16V","BottomLayer","CAP0402","165.6000","18.2000","0",""
"C130","100pF, 50V","BottomLayer","CAP0402","148.7000","26.7250","90",""
"C129","100pF, 50V","BottomLayer","CAP0402","155.5750","29.6000","270",""
"C128","100nF, 16V","BottomLayer","CAP0402","147.5750","26.7250","90",""
"C123","100pF, 50V","BottomLayer","CAP0402","150.7500","31.4500","360",""
"C122","100pF, 50V","BottomLayer","CAP0402","150.5750","23.5750","360",""
"C121","100nF, 16V","BottomLayer","CAP0402","150.5750","22.4500","360",""
"C120","1uF, 10V","BottomLayer","CAP0402","150.7500","32.4500","360","CAP CER 1UF 10V X5R 0402"
"C127","1uF, 10V","BottomLayer","CAP0402","146.4500","26.7250","90","CAP CER 1UF 10V X5R 0402"
"C132","100pF, 50V","BottomLayer","CAP0402","148.7000","30.3500","270",""
"C116","100nF, 16V","BottomLayer","CAP0402","153.3500","24.2500","90",""
"C115","100nF, 16V","BottomLayer","CAP0402","152.2500","20.8000","270",""
"C114","100nF, 16V","BottomLayer","CAP0402","152.2500","24.2500","270",""
"C113","100pF, 50V","BottomLayer","CAP0402","144.1250","3.8500","180",""
"C112","10uF, 16V","BottomLayer","CAP0603","143.7750","1.5750","360",""
"C111","100nF, 16V","BottomLayer","CAP0402","144.1250","2.8500","360",""
"C27","100nF, 16V","BottomLayer","CAP0402","9.1500","77.1250","360",""
"C26","1uF, 10V","BottomLayer","CAP0402","9.1525","76.1245","180","CAP CER 1UF 10V X5R 0402"
"C25","47uF, 10V","BottomLayer","CAP1206","5.4750","85.5500","270",""
"C24","100nF, 16V","BottomLayer","CAP0402","5.4000","82.3750","360",""
"C23","100nF, 16V","BottomLayer","CAP0402","7.7000","82.3750","360",""
"C22","47uF, 10V","BottomLayer","CAP1206","7.6250","85.5500","270",""
"C13","100nF, 16V","BottomLayer","CAP0402","1.8000","80.7000","90",""
"C12","10uF, 16V","BottomLayer","CAP0603","3.3750","81.0500","270",""
"C19","100nF, 16V","BottomLayer","CAP0402","150.5500","49.8750","90",""
"C5","47uF, 10V","BottomLayer","CAP1206","51.1500","41.0050","360",""
"XO1","U7475LF 30.72MHz","TopLayer","AOCJYR-10.000MHz","146.9250","9.0250","90",""
"BZ1","WST-1203UX","TopLayer","BUZZER_WST-1203UX","84.9500","13.6250","90",""
"LED6","LED_RG_SMD","TopLayer","LED-2x0603","66.3101","2.5525","90",""
"LED5","LED_RG_SMD","TopLayer","LED-2x0603","103.8101","2.5500","90",""
"LED4","LED_RG_SMD","TopLayer","LED-2x0603","96.3101","2.5500","90",""
"LED3","LED_RG_SMD","TopLayer","LED-2x0603","88.8101","2.5525","90",""
"LED2","LED_RG_SMD","TopLayer","LED-2x0603","81.3101","2.5525","90",""
"LED1","LED_RG_SMD","TopLayer","LED-2x0603","73.8101","2.5525","90",""
"J4","nano SIM (push-push)","TopLayer","NANO_SIM_SIM8066-6-1-14-01-A","162.1450","19.4500","90",""
"J3","1775862-2","TopLayer","MINIPCIE_CONNECTOR_XTRX_V2","110.8250","25.0000","360","CONN PCI EXP MINI FEMALE 52POS"
"J48","U.FL/MMCX","TopLayer","MMCX_UFL_conn_u","107.7400","79.5250","360","CONN UMC RCPT STR 50 OHM SMD"
"J49","U.FL/MMCX","TopLayer","MMCX_UFL_conn_u","145.7400","79.5250","0","CONN UMC RCPT STR 50 OHM SMD"
"J37","U.FL/MMCX","TopLayer","MMCX_UFL_conn_u","152.4000","35.4250","90","CONN UMC RCPT STR 50 OHM SMD"
"J44","U.FL/MMCX","TopLayer","MMCX_UFL_conn_u","126.7400","79.5250","360","CONN UMC RCPT STR 50 OHM SMD"
"J45","U.FL/MMCX","TopLayer","MMCX_UFL_conn_u","164.7400","79.5250","0","CONN UMC RCPT STR 50 OHM SMD"
"J50","CONN_PWR_JACK_2.1x5.5mm","TopLayer","CONN_PWR_JACK_v2","66.7500","102.1250","360","Power Connector, THT, 2.1mm ID, 5.5mm OD"
"J14","A/V, 3.5mm","TopLayer","Audio_jack_3.5mm","7.0000","94.5500","360",""
"J7","Micro SD card holder","TopLayer","MICRO_SD_CARD_114-00841-68_v2","6.5930","80.1000","270",""
"J2","DF40C-100DS-0.4V(51)","TopLayer","FP-DF40C-100DS-0.4V(51)","89.6250","45.9750","270",""
"J1","DF40C-100DS-0.4V(51)","TopLayer","FP-DF40C-100DS-0.4V(51)","55.6250","45.9750","270",""
"J9","ETHERNET WITH MAGNETICS","TopLayer","RJ45_ETHERNET_MAG_A70-112-331N126","85.0000","99.7500","180","MagJack A70-112-331N126 or LINK-PP LPJG0926HENL"
"BATT1","CR1220 Battery Holder","TopLayer","CR1220_SMD_holder","137.0375","42.6375","180",""
"F1","Fiducial","TopLayer","Fiducial","-8.0150","-8.0000","0",""
"F2","Fiducial","TopLayer","Fiducial","178.0150","-8.0000","0",""
"F3","Fiducial","TopLayer","Fiducial","178.0150","118.0000","0",""
"F4","Fiducial","TopLayer","Fiducial","-8.0150","118.0000","0",""
"F5","Fiducial","BottomLayer","Fiducial","-8.0150","-8.0000","0",""
"F6","Fiducial","BottomLayer","Fiducial","178.0150","-8.0000","0",""
"F7","Fiducial","BottomLayer","Fiducial","178.0150","118.0000","0",""
"F8","Fiducial","BottomLayer","Fiducial","-8.0150","118.0000","0",""
