Altium Designer Pick and Place Locations
E:\Saniok\Lime Micro\Lime PCBs\LimeKEY_RPCM_1v0\Aletium Designer design files\Project Outputs for LimeKEY-RPCM_1v0\Pick Place\Pick Place for LimeKEY-RPCM_1v0.csv

========================================================================================================================
File Design Information:

Date:       11-10-22
Time:       15:18
Revision:   Not in VersionControl
Variant:    No variations
Units used: mm

"Designator","Comment","Layer","Footprint","Center-X(mm)","Center-Y(mm)","Rotation","Description"
"R218","2k2, 1%","BottomLayer","RES0402","10.0200","2.4300","90",""
"J49","Header 2X1","TopLayer","HDR_1x2","8.2500","3.2000","360",""
"R41","1k, 1%","BottomLayer","RES0402","131.2500","100.4500","360",""
"R39","0R","BottomLayer","RES0402","130.7500","98.5750","270",""
"R38","0R","BottomLayer","RES0402","131.9750","98.5750","270",""
"J21","Header 2X1","TopLayer","HDR_1x2","130.7500","103.6750","0",""
"R243","100R, 1%","BottomLayer","RES0805","36.7500","45.6250","180",""
"FL4","Fiducial","BottomLayer","Fiducial_local","49.0000","69.5250","180",""
"FL3","Fiducial","BottomLayer","Fiducial_local","140.0750","25.8000","180",""
"FL2","Fiducial","TopLayer","Fiducial_local","49.1000","72.3250","0",""
"VD20","SK36A","TopLayer","SK32A-L_DIODE_DO-214AC","53.3750","90.9000","360","Diode Schottky SMD SOD-523F"
"VD19","SK36A","BottomLayer","SK32A-L_DIODE_DO-214AC","53.5500","94.5250","360","Diode Schottky SMD SOD-523F"
"R51","0R","TopLayer","RES0402_v2","17.4000","99.8500","90",""
"R61","1.6k, 1%","BottomLayer","RES0402","73.8510","60.2350","0",""
"R60","1.6k, 1%","BottomLayer","RES0402","71.7510","60.2350","0",""
"R59","1.6k, 1%","BottomLayer","RES0402","69.6510","60.2350","0",""
"R55","10k, 1%","BottomLayer","RES0402","74.3510","61.8350","270",""
"R54","10k, 1%","BottomLayer","RES0402","72.2510","61.8350","270",""
"R53","10k, 1%","BottomLayer","RES0402","70.1510","61.8350","270",""
"R50","10k, 1%","BottomLayer","RES0402","82.4000","52.1000","180",""
"R46","10k, 1%","BottomLayer","RES0402","82.9000","50.5000","90",""
"R52","0R","TopLayer","RES0402_v2","17.4000","98.8500","270",""
"C185","10uF, 25V","TopLayer","CAP0805","65.8500","75.0250","270",""
"C184","10uF, 25V","TopLayer","CAP0805","70.3000","77.0500","360",""
"C183","10uF, 25V","TopLayer","CAP0805","66.6250","85.9000","90",""
"C182","10uF, 25V","TopLayer","CAP0805","70.2750","80.1500","360",""
"C42","100nF, 16V","BottomLayer","CAP0402","73.8510","59.1850","180",""
"C41","100nF, 16V","BottomLayer","CAP0402","71.7510","59.1850","180",""
"FR17","600R, 2A","BottomLayer","RES0805","167.8500","30.8500","270",""
"C237","4.7uF, 6.3V","BottomLayer","CAP0402","165.8500","29.3500","90",""
"MECH10","RF SHIELD FRAME","TopLayer","RF_SHIELD_FRAME_16P5x16P5_2118716-2_v1","122.3500","90.8751","0",""
"MECH8","RF SHIELD FRAME","TopLayer","RF_SHIELD_FRAME_16P5x16P5_2118716-2_v1","103.3502","90.8751","0",""
"MECH9","RF SHIELD FRAME","TopLayer","RF_SHIELD_FRAME_16P5x16P5_2118716-2_v1","160.3497","90.8751","0",""
"MECH7","RF SHIELD FRAME","TopLayer","RF_SHIELD_FRAME_16P5x16P5_2118716-2_v1","141.3499","90.8751","0",""
"R18","0R","BottomLayer","RES0402","46.5750","30.9500","90",""
"R13","0R","BottomLayer","RES0402","63.5250","44.9720","180",""
"R20","1k, 1%","BottomLayer","RES0402","62.9000","54.9030","180",""
"IC1","SN74AVC1T45DBV","BottomLayer","SOT23-6","63.5250","42.7500","360","SN74AVC1T45DBV"
"IC3","SN74AVC1T45DBV","BottomLayer","SOT23-6","62.9000","57.1250","180","SN74AVC1T45DBV"
"C8","100nF, 16V","BottomLayer","CAP0402","66.2120","42.3000","90",""
"C7","100nF, 16V","BottomLayer","CAP0402","60.8380","42.3000","90",""
"C15","100nF, 16V","BottomLayer","CAP0402","60.2130","57.5750","270",""
"C13","100nF, 16V","BottomLayer","CAP0402","65.5870","57.5750","270",""
"VD16","TVS","BottomLayer","SOD323","17.1750","31.8000","180",""
"VD15","TVS","BottomLayer","SOD323","17.1750","29.8000","180",""
"VD14","TVS","BottomLayer","SOD323","9.1850","31.8000","360",""
"VD13","TVS","BottomLayer","SOD323","9.1850","29.8000","360",""
"VD12","TVS","BottomLayer","SOD323","36.4304","6.4314","180",""
"VD11","TVS","BottomLayer","SOD323","31.3876","6.4314","360",""
"VD10","TVS","BottomLayer","SOD323","50.8804","3.9956","180",""
"VD9","TVS","BottomLayer","SOD323","45.8376","3.9956","360",""
"R16","0R","BottomLayer","RES0402","161.8321","66.2821","360",""
"R14","0R","BottomLayer","RES0402","161.8321","65.1821","360",""
"R122","0R","TopLayer","RES0402","71.4500","20.1063","180",""
"R121","0R","TopLayer","RES0402","73.6750","20.1000","360",""
"R23","0R","BottomLayer","RES0402","6.5100","56.9230","90",""
"R22","10k, 1%","BottomLayer","RES0402","8.7000","56.4380","180",""
"R21","0R","BottomLayer","RES0402","6.5100","59.1730","90",""
"R19","10k, 1%","BottomLayer","RES0402","10.8000","55.7000","270",""
"R17","0R","BottomLayer","RES0402","8.7000","55.2130","360",""
"C14","100nF, 16V","BottomLayer","CAP0402","163.6321","65.2321","270",""
"C19","100nF, 16V","BottomLayer","CAP0402","10.3000","61.3730","360",""
"C18","100nF, 16V","BottomLayer","CAP0402","7.5350","61.2730","90",""
"C17","1uF, 10V","BottomLayer","CAP0402","12.3850","59.2250","270",""
"D6","BAS316","BottomLayer","BAS316_DIODE_SOD323","24.0250","89.2250","360",""
"D5","BAS316","TopLayer","BAS316_DIODE_SOD323","14.4000","73.2500","90",""
"C181","100 uF, 63V","TopLayer","CAP_POL_D10_H10","29.4750","65.5250","180",""
"IC40","IRF9358TRPBF","BottomLayer","IRF9358TRPBF_DUAL_NMOS_SOIC8","60.1500","95.9750","90",""
"MECH6","Light pipe","TopLayer","LIGHT_PIPE_RIGHT_ANGLE_SLP3-200-100-F","66.2605","5.3025","270",""
"MECH5","Light pipe","TopLayer","LIGHT_PIPE_RIGHT_ANGLE_SLP3-200-100-F","103.7605","5.3000","270",""
"MECH4","Light pipe","TopLayer","LIGHT_PIPE_RIGHT_ANGLE_SLP3-200-100-F","96.2605","5.3025","270",""
"MECH3","Light pipe","TopLayer","LIGHT_PIPE_RIGHT_ANGLE_SLP3-200-100-F","88.7605","5.3025","270",""
"MECH2","Light pipe","TopLayer","LIGHT_PIPE_RIGHT_ANGLE_SLP3-200-100-F","81.2605","5.3025","270",""
"MECH1","Light pipe","TopLayer","LIGHT_PIPE_RIGHT_ANGLE_SLP3-200-100-F","73.7605","5.3025","270",""
"IC41","CYPD3177-24LQXQT","BottomLayer","USB_POWER_DISTR_CYPD3177_QFN24","67.1500","73.3250","180",""
"MECH13","RF SHIELD COVER","TopLayer","RF_SHIELD_COVER_16Px916P9_2118715-2","-297.1000","-240.4500","90",""
"MECH11","RF SHIELD COVER","TopLayer","RF_SHIELD_COVER_16Px916P9_2118715-2","-297.1000","-240.4500","90",""
"MECH14","RF SHIELD COVER","TopLayer","RF_SHIELD_COVER_16Px916P9_2118715-2","-297.1000","-240.4500","90",""
"MECH12","RF SHIELD COVER","TopLayer","RF_SHIELD_COVER_16Px916P9_2118715-2","-297.1000","-240.4500","90",""
"FAN1","12V DC FAN","TopLayer","FAN_80mm_V1","85.0000","50.0000","360",""
"VD5","TVS","BottomLayer","SOD323","83.1000","90.4250","90",""
"VD6","TVS","BottomLayer","SOD323","81.7250","97.4750","360",""
"VD7","TVS","BottomLayer","SOD323","81.2250","90.4250","90",""
"VD8","TVS","BottomLayer","SOD323","78.6000","92.7750","90",""
"R6","0R","BottomLayer","RES0402","112.0750","31.7750","180",""
"R9","0R","BottomLayer","RES0402","114.7750","32.2750","90",""
"R8","0R","BottomLayer","RES0402","113.6750","32.2750","90",""
"J15","Header 2X2","TopLayer","HEADER2X2_TH","84.8000","86.3500","180","Header, 2-Pin, Dual row"
"J54","Scap","TopLayer","HEADER4X1_TH","28.0000","46.8000","180","Header, 4-pin"
"J52","Header 2X1","TopLayer","Header1x2_TH_LOCKING","35.2500","96.3000","270",""
"J10","Header 10X2","TopLayer","HEADER10X2_TH_LOCK","164.3500","43.2500","90","Header, 10-Pin, Dual row"
"XT1","32.768kHz","BottomLayer","CRYSTAL_2PIN_RTC_RT3215","138.0800","64.1345","360",""
"VT4","BFT92,215","BottomLayer","BFT92,215_PNP_STO23-3","24.1250","85.7500","90",""
"VT3","FDMS86250","BottomLayer","FDMS86250_NMOS_POWER56","19.6001","86.4249","360","MOSFET FET 150V 25.0 MOHM PQFN56"
"VT5","DMG1012T","BottomLayer","SOT523","67.1411","67.7701","270",""
"VD22","SK36A","BottomLayer","SK32A-L_DIODE_DO-214AC","37.8500","49.2500","180","Diode Schottky SMD SOD-523F"
"VD18","SK36A","TopLayer","SK32A-L_DIODE_DO-214AC","53.3750","95.2750","360","Diode Schottky SMD SOD-523F"
"TP9","TESTPOINT_THT_MINI","BottomLayer","TP-SMD-LOW_PROFILE","123.3500","46.9750","180","Test Point PCB mount Miniature White"
"TP8","TESTPOINT_THT_MINI","TopLayer","TP-SMD-LOW_PROFILE","135.0750","76.1750","0","Test Point PCB mount Miniature White"
"TP7","TESTPOINT_THT_MINI","BottomLayer","TP-SMD-LOW_PROFILE","46.6250","50.8250","180","Test Point PCB mount Miniature White"
"TP6","TESTPOINT_THT_MINI","TopLayer","TP-SMD-LOW_PROFILE","18.6250","58.7750","0","Test Point PCB mount Miniature White"
"T1","POE300F-12LD","TopLayer","POE300F50LD_TRANSFORMER","31.2500","82.0000","360",""
"R37","0R","BottomLayer","RES0402","21.3850","56.8230","90",""
"R189","0R","BottomLayer","RES0402","135.6350","78.3625","360",""
"R188","0R","BottomLayer","RES0402","155.2730","78.3900","360",""
"R190","0R","BottomLayer","RES0402","105.3480","72.8900","360",""
"R191","0R","BottomLayer","RES0402","113.4250","71.8500","360",""
"R99","0R","BottomLayer","RES0402","69.9450","17.7800","90",""
"R128","0R","BottomLayer","RES0402","58.1250","29.6750","360",""
"R127","0R","BottomLayer","RES0402","32.6376","4.4956","90",""
"R123","0R","BottomLayer","RES0402","58.1250","28.4500","360",""
"R126","0R","BottomLayer","RES0402","35.1804","4.4956","90",""
"R133","10k, 1%","BottomLayer","RES0402","26.6580","40.4550","360",""
"R135","0R","BottomLayer","RES0402","26.6580","41.6800","360",""
"R131","0R","BottomLayer","RES0402","26.6580","44.7550","360",""
"R130","0R","BottomLayer","RES0402","26.6580","43.5300","360",""
"R134","0R","BottomLayer","RES0402","25.4600","39.2400","180",""
"R113","0R","BottomLayer","RES0402","77.9250","32.5250","180",""
"R118","0R","BottomLayer","RES0402","76.3250","32.0250","270",""
"R97","15k, 1%","BottomLayer","RES0402","68.1000","11.2800","90",""
"R215","5.1k, 5%","BottomLayer","RES0402","71.6161","76.8951","180",""
"R214","5.1k, 5%","BottomLayer","RES0402","72.7161","74.6701","180",""
"R231","100k, 1%","BottomLayer","RES0402","67.1411","69.7951","0",""
"R227","1k, 1%","BottomLayer","RES0402","71.6161","73.5701","180",""
"R226","1k, 1%","BottomLayer","RES0402","66.6411","65.6839","180",""
"R213","44.2k, 1%","BottomLayer","RES0402","65.3250","93.4500","90",""
"R212","10k, 1%","BottomLayer","RES0402","65.3250","95.9500","90",""
"R223","10k, 1%","BottomLayer","RES0402","63.8911","69.2951","270",""
"R224","10k, 1%","BottomLayer","RES0402","69.1161","69.2951","270",""
"R225","10k, 1%","BottomLayer","RES0402","63.2911","71.5701","270",""
"R230","10k, 1%","BottomLayer","RES0402","65.1161","69.2951","90",""
"R222","2.4k, 1%","BottomLayer","RES0402","71.0661","69.8451","270",""
"R219","2.4k, 1%","BottomLayer","RES0402","71.1161","75.1701","270",""
"R216","5.1k, 5%","BottomLayer","RES0402","72.1661","71.9701","90",""
"R221","2.4k, 1%","BottomLayer","RES0402","71.0661","71.9701","90",""
"R217","5.1k, 5%","BottomLayer","RES0402","72.1661","69.8451","270",""
"R220","2.4k, 1%","BottomLayer","RES0402","70.0161","77.3951","270",""
"R245","44.2k, 1%","TopLayer","RES0402","41.9250","57.9750","360",""
"R244","3k, 1%","TopLayer","RES0402","44.3750","57.1250","90",""
"R241","100k, 1%","TopLayer","RES0402","41.9250","61.0750","180",""
"R240","44.2k, 1%","TopLayer","RES0402","39.8250","60.5750","180",""
"R239","22k, 1%","TopLayer","RES0402","42.7091","56.8341","180",""
"R139","0R","BottomLayer","RES0402","148.1500","28.7500","360",""
"R242","100R, 1%","BottomLayer","RES0805","36.7390","44.0300","180",""
"R232","0R","BottomLayer","RES0805","50.1000","97.5500","0",""
"R233","0R","BottomLayer","RES0805","40.8750","97.0500","90",""
"R228","0R","BottomLayer","RES0402","62.1661","69.7951","180",""
"R229","0R","BottomLayer","RES0402","61.5661","72.0701","180",""
"R102","15k, 1%","BottomLayer","RES0402","59.8500","32.4000","270",""
"R94","15k, 1%","BottomLayer","RES0402","59.8500","27.9500","270",""
"R90","15k, 1%","BottomLayer","RES0402","71.4500","20.1750","180",""
"R101","15k, 1%","BottomLayer","RES0402","59.8500","34.6250","90",""
"R93","15k, 1%","BottomLayer","RES0402","59.8500","30.1750","90",""
"R89","15k, 1%","BottomLayer","RES0402","73.6750","20.1750","0",""
"R98","22R","BottomLayer","RES0402","61.5750","34.1250","180",""
"R92","22R","BottomLayer","RES0402","61.5750","29.6750","180",""
"R88","22R","BottomLayer","RES0402","73.1750","21.9000","270",""
"R96","22R","BottomLayer","RES0402","61.5750","32.9000","180",""
"R91","22R","BottomLayer","RES0402","61.5750","28.4500","180",""
"R87","22R","BottomLayer","RES0402","71.9500","21.9000","270",""
"R145","0R","BottomLayer","RES0402","99.7000","20.9000","90",""
"R1","0R","BottomLayer","RES0402","100.8000","20.9000","270",""
"R2","0R","BottomLayer","RES0402","102.4000","21.4000","360",""
"R3","0R","BottomLayer","RES0402","112.4750","23.1000","180",""
"R5","0R","BottomLayer","RES0402","115.1750","23.5750","90",""
"R4","0R","BottomLayer","RES0402","114.0750","23.5750","90",""
"R111","0R","BottomLayer","RES0402","73.7000","38.1500","270",""
"R117","0R","BottomLayer","RES0402","74.2000","36.5500","0",""
"R125","0R","BottomLayer","RES0402","38.2233","5.0380","180",""
"R115","0R","BottomLayer","RES0402","72.4750","38.1500","270",""
"R120","0R","BottomLayer","RES0402","70.9500","36.5250","180",""
"R114","0R","BottomLayer","RES0402","75.5060","15.5650","90",""
"R119","0R","BottomLayer","RES0402","72.6310","17.6650","90",""
"R34","10k, 1%","BottomLayer","RES0402","25.6750","55.8380","270",""
"R36","10k, 1%","BottomLayer","RES0402","23.5750","56.3380","180",""
"R185","10k, 1%","BottomLayer","RES0402","135.1500","76.1725","90",""
"R184","10k, 1%","BottomLayer","RES0402","154.7880","76.2000","90",""
"R187","10k, 1%","BottomLayer","RES0402","104.8630","70.7000","90",""
"R108","0R","TopLayer","RES0402","77.0750","13.1750","270",""
"R110","0R","TopLayer","RES0402","76.4500","15.4000","270",""
"R35","0R","BottomLayer","RES0402","21.3850","59.0730","90",""
"R181","0R","BottomLayer","RES0402","137.8850","78.3625","360",""
"R180","0R","BottomLayer","RES0402","157.5250","78.3880","360",""
"R182","0R","BottomLayer","RES0402","107.5980","72.8900","360",""
"R183","0R","BottomLayer","RES0402","115.6750","71.8500","360",""
"R132","0R","BottomLayer","RES0402","23.2100","39.2400","180",""
"R178","0R","BottomLayer","RES0805","158.0250","80.8880","270",""
"R33","0R","BottomLayer","RES0402","23.5750","55.1130","360",""
"R175","0R","BottomLayer","RES0402","133.9250","76.1725","270",""
"R174","0R","BottomLayer","RES0402","153.5630","76.2000","270",""
"R177","0R","BottomLayer","RES0402","103.6380","70.7000","270",""
"R124","0R","BottomLayer","RES0402","38.2233","3.9380","180",""
"R129","0R","BottomLayer","RES0402","28.6830","41.0800","90",""
"R10","0R","BottomLayer","RES0805","57.1750","42.4000","90",""
"R45","22k, 1%","BottomLayer","RES0402","82.7510","61.8350","270",""
"R49","10k, 1%","BottomLayer","RES0402","82.2510","60.2350","180",""
"R58","10k, 1%","BottomLayer","RES0402","80.6510","61.8350","270",""
"R64","1.6k, 1%","BottomLayer","RES0402","80.1510","60.2350","0",""
"R57","10k, 1%","BottomLayer","RES0402","78.5510","61.8350","270",""
"R63","1.6k, 1%","BottomLayer","RES0402","78.0510","60.2350","0",""
"R56","10k, 1%","BottomLayer","RES0402","76.4510","61.8350","270",""
"R62","1.6k, 1%","BottomLayer","RES0402","75.9510","60.2350","0",""
"R48","10k, 1%","BottomLayer","RES0402","74.4735","49.0105","360",""
"R47","0R","BottomLayer","RES0402_v2","74.9760","44.8600","90",""
"R44","3k, 1%","BottomLayer","RES0402","72.3760","49.0100","180",""
"R11","10k, 1%","BottomLayer","RES0402","54.1000","59.4000","90",""
"R72","0R","BottomLayer","RES0402","5.6500","27.0500","270",""
"R70","0R","BottomLayer","RES0402","4.4250","27.0500","270",""
"R67","0R","BottomLayer","RES0402","2.1750","21.3250","360",""
"R15","2k2, 1%","BottomLayer","RES0402","160.6000","53.2500","180",""
"R12","2k2, 1%","BottomLayer","RES0402","160.6000","52.1500","180",""
"R85","470k, 1%","BottomLayer","RES0402","144.1250","62.8000","360",""
"R84","470k, 1%","BottomLayer","RES0402","144.1250","59.6000","360",""
"LED8","LED_green","TopLayer","LED-0603-GREEN","48.1500","108.1750","90",""
"L8","3.3�H","TopLayer","FDVE1040_TOKO_INDUCTOR","44.2250","50.7000","180",""
"J26","Header 2X1","TopLayer","Header1x2_TH_LOCKING","12.4910","16.6090","90",""
"J25","4 pin FAN header","TopLayer","Header1x4_TH_LOCKING_v2","5.3670","14.0662","90",""
"J23","SMA panel mount","TopLayer","SMA_connector_side","11.2000","105.2750","270","CONN SMA JACK STR 50OHM EDGE MNT"
"J39","Header 3x1 pin","TopLayer","HDR_1x3","27.9590","9.0250","90","Header, 3-pin"
"J5","Header 3x1 pin","TopLayer","HDR_1x3","20.6340","2.0380","90","Header, 3-pin"
"J4","Header 3x1 pin","TopLayer","HDR_1x3","39.8590","21.1250","90","Header, 3-pin"
"J14","Header 7X2","TopLayer","Header7x2_TH","151.7250","63.5250","90","Header, 7-Pin, Dual row"
"J13","HDMI1","TopLayer","HDMI_HD01-19-RA-TH","12.9251","66.5983","180",""
"J12","HDMI0","TopLayer","HDMI_HD01-19-RA-TH","12.9251","50.3983","180",""
"J37","Header 3x1 pin","TopLayer","HDR_1x3","39.8590","15.0750","90","Header, 3-pin"
"J35","Header 3X2","TopLayer","Header3x2","140.3500","45.3036","90","Header, 2-Pin, Dual row"
"J40","Header 3x1 pin","TopLayer","HDR_1x3","27.9590","15.0750","90","Header, 3-pin"
"J38","Header 3x1 pin","TopLayer","HDR_1x3","39.8590","9.0250","90","Header, 3-pin"
"J33","SMA panel mount","TopLayer","SMA_connector_side","26.2000","105.2750","270","CONN SMA JACK STR 50OHM EDGE MNT"
"J36","SMA panel mount","TopLayer","SMA_connector_side","41.2000","105.2750","270","CONN SMA JACK STR 50OHM EDGE MNT"
"J8","Header 5X1","TopLayer","Header1x5_TH_LOCKING","165.8750","68.2750","270",""
"J43","SMA panel mount","TopLayer","SMA_connector_side","158.8000","105.2750","270","CONN SMA JACK STR 50OHM EDGE MNT"
"J47","SMA panel mount","TopLayer","SMA_connector_side","139.8000","105.2750","270","CONN SMA JACK STR 50OHM EDGE MNT"
"J48","SMA panel mount","TopLayer","SMA_connector_side","101.8000","105.2750","270","CONN SMA JACK STR 50OHM EDGE MNT"
"J44","SMA panel mount","TopLayer","SMA_connector_side","120.8000","105.2750","270","CONN SMA JACK STR 50OHM EDGE MNT"
"J32","Header 5X2","TopLayer","Header5x2_TH","26.3000","31.2250","270","Header, 5-Pin, Dual row"
"J24","U.FL/MMCX","TopLayer","MMCX_UFL_conn_u","20.7250","98.3250","90","CONN UMC RCPT STR 50 OHM SMD"
"J20","Header 2X1","TopLayer","HDR_1x2","19.2500","9.0000","90",""
"J19","Header 4x1","TopLayer","HEADER4X1_TH","14.0000","94.2500","90","Header, 4-pin"
"J30","USB","TopLayer","HEADER4X1_TH","48.3590","2.1630","360","Header, 4-pin"
"J28","Header 2X1","TopLayer","HDR_1x2","12.6750","3.2000","360",""
"J31","USB","TopLayer","HEADER4X1_TH","33.9090","2.1630","360","Header, 4-pin"
"J29","2xUSB A","TopLayer","USB_typeA_double_USBR-A-D-F-O-TH","12.0000","30.8000","270",""
"IC17","74LVC1G34QSE-7","BottomLayer","74AHCT1G126SE-7_BUFFER_SOT353","143.6250","65.1152","90",""
"IC15","PCF85063AT","BottomLayer","PCF85063AT_RTC_SOIC-8","139.3750","58.9000","270",""
"IC7","MIC2033","BottomLayer","SOT23-6","24.3750","58.6250","180",""
"IC4","74LVC1G34QSE-7","BottomLayer","74AHCT1G126SE-7_BUFFER_SOT353","49.0248","31.1000","180",""
"IC2","74LVC1G34QSE-7","BottomLayer","74AHCT1G126SE-7_BUFFER_SOT353","49.0248","33.8903","180",""
"IC39","NCP1083","BottomLayer","NCP1083_PoE_controller_TSSOP20","31.4500","76.4500","180",""
"IC37","MIC2033","BottomLayer","SOT23-6","115.2270","68.8600","90",""
"IC38","MIC2033","BottomLayer","SOT23-6","107.1500","69.9000","90",""
"IC35","MIC2033","BottomLayer","SOT23-6","157.0750","75.4000","90",""
"IC36","MIC2033","BottomLayer","SOT23-6","137.4370","75.3725","90",""
"IC34","SPF5043Z","TopLayer","SPF5043Z_SOT-343","105.2400","87.4000","90",""
"IC33","SPF5043Z","TopLayer","SPF5043Z_SOT-343","143.2400","87.4000","90",""
"IC30","SBB-5089","TopLayer","SBB-5089_RF_AMP_SOT89","121.6500","87.5000","270",""
"IC29","SBB-5089","TopLayer","SBB-5089_RF_AMP_SOT89","159.6500","87.5000","270",""
"IC31","SKY13286","TopLayer","SKY13286-359LF_RF_switch_QFN16","140.7750","93.2900","90",""
"IC27","SKY13286","TopLayer","SKY13286-359LF_RF_switch_QFN16","158.4750","94.6250","180",""
"IC32","SKY13286","TopLayer","SKY13286-359LF_RF_switch_QFN16","102.7750","93.2900","90",""
"IC28","SKY13286","TopLayer","SKY13286-359LF_RF_switch_QFN16","120.4750","94.6250","180",""
"IC21","MIC2033","BottomLayer","SOT23-6","23.6580","42.2300","270",""
"IC43","ADP2386","TopLayer","ADP2386","45.6750","61.3250","90",""
"IC5","MIC2033","BottomLayer","SOT23-6","9.5000","58.7250","180",""
"IC8","MCP3208","BottomLayer","MCP3208-CI/SL_SOIC16","76.1579","53.7271","270","2.7V 4-Channel/8-Channel 12-Bit A/D Converters with SPI Serial Interface, 16-Pin SOIC 150mil, C Performance Grade, Industrial Temperature"
"IC16","74AHC595","BottomLayer","74HC595BQ,115","94.3140","61.7700","270",""
"IC14","74AHC595","BottomLayer","74HC595BQ,115","111.3750","3.1840","90",""
"FR14","600R, 2A","BottomLayer","RES0805","47.3500","93.5250","270",""
"FR3","600R, 0.5A","BottomLayer","RES0402","71.8760","43.7850","90",""
"ESD1","ESD8472","TopLayer","ESD8472_X3DFN2","158.5750","99.9750","180",""
"ESD3","ESD8472","TopLayer","ESD8472_X3DFN2","139.5750","99.9750","180",""
"ESD4","ESD8472","TopLayer","ESD8472_X3DFN2","101.5750","99.9750","180",""
"ESD2","ESD8472","TopLayer","ESD8472_X3DFN2","120.5750","99.9750","180",""
"D1","BAT54C","BottomLayer","BAT54C_SOT23-3","134.9084","54.6880","360",""
"D4","12CWQ06FN","TopLayer","12CWQ06FN_diode_array_DPAK","59.4750","80.2750","180",""
"D8","NCP431AVSNT1G","BottomLayer","SOT23-6","36.4000","88.7750","180",""
"D9","NZH10C-115","BottomLayer","NZH10C,115_shottky_diode_SOD123","67.1500","95.3750","90",""
"C69","22pF, 50V","BottomLayer","CAP0402","68.1625","37.5750","0",""
"C68","22pF, 50V","BottomLayer","CAP0402","70.3875","37.5750","180",""
"C62","22pF, 50V","BottomLayer","CAP0402","63.2500","32.4000","90",""
"C61","22pF, 50V","BottomLayer","CAP0402","63.2500","34.6250","270",""
"C57","22pF, 50V","BottomLayer","CAP0402","63.2500","27.9500","90",""
"C56","22pF, 50V","BottomLayer","CAP0402","63.2500","30.1750","270",""
"C55","22pF, 50V","BottomLayer","CAP0402","71.4500","23.5500","0",""
"C54","22pF, 50V","BottomLayer","CAP0402","73.6750","23.5500","180",""
"C206","1uF, 10V","BottomLayer","CAP0402","67.2661","77.8451","0","CAP CER 1UF 10V X5R 0402"
"C208","100nF, 16V","BottomLayer","CAP0402","67.2661","76.8451","180",""
"C207","100nF, 16V","BottomLayer","CAP0402","67.2661","78.8451","180",""
"C205","1uF, 10V","BottomLayer","CAP0402","68.8911","77.3951","270","CAP CER 1UF 10V X5R 0402"
"C204","1uF, 25V","BottomLayer","CAP0603","54.7000","99.1000","360",""
"C202","1uF, 25V","BottomLayer","CAP0603","63.7750","95.9250","90",""
"C203","1uF, 25V","BottomLayer","CAP0603","60.1000","102.4000","270",""
"C209","390pF, 50V","BottomLayer","CAP0402","62.7911","73.2451","180",""
"C210","390pF, 50V","BottomLayer","CAP0402","62.7911","74.3701","180",""
"C234","100nF, 16V","TopLayer","CAP0402","41.9250","60.0250","360",""
"C233","1200pF, 50V","TopLayer","CAP0402","40.3855","58.4750","90",""
"C232","2.2pF, 50V","TopLayer","CAP0402","41.9250","59.0250","180",""
"C231","1uF, 10V","TopLayer","CAP0402","45.4250","57.1250","270",""
"C227","100uF, 6.3V","TopLayer","CAP1206","36.8000","47.6750","90",""
"C226","47uF, 6.3V","TopLayer","CAP1206","37.0500","54.9000","270",""
"C225","47uF, 6.3V","TopLayer","CAP1206","34.9750","54.9000","270",""
"C224","10uF, 25V","TopLayer","CAP0805","40.7250","63.0500","360",""
"C223","100nF, 16V","TopLayer","CAP0402","46.4250","64.8250","360",""
"C38","100nF, 16V","BottomLayer","CAP0402","72.3760","47.4600","180",""
"C37","1uF, 10V","BottomLayer","CAP0402","72.3760","46.4600","180",""
"C31","4.7uF, 6.3V","BottomLayer","CAP0402","72.3760","45.4600","180",""
"C63","1uF, 10V","BottomLayer","CAP0402","69.4450","16.2300","180",""
"C5","47uF, 10V","BottomLayer","CAP1206","58.7250","37.4000","180",""
"C53","100nF, 16V","BottomLayer","CAP0402","143.7854","67.5500","180",""
"C50","100nF, 16V","BottomLayer","CAP0402","137.9700","54.6880","360",""
"C16","100nF, 16V","BottomLayer","CAP0402","51.8000","31.2597","270",""
"C11","100nF, 16V","BottomLayer","CAP0402","51.8000","34.0500","270",""
"C30","100nF, 16V","BottomLayer","CAP0402","25.1750","61.2730","360",""
"C173","100nF, 16V","BottomLayer","CAP0402","140.0850","74.5725","270",""
"C172","100nF, 16V","BottomLayer","CAP0402","159.7230","74.6000","270",""
"C175","100nF, 16V","BottomLayer","CAP0402","109.7980","69.1000","270",""
"C75","100nF, 16V","BottomLayer","CAP0402","21.0100","43.0300","90",""
"C29","100nF, 16V","BottomLayer","CAP0402","22.4100","61.1730","90",""
"C169","100nF, 16V","BottomLayer","CAP0402","139.9850","77.3375","360",""
"C168","100nF, 16V","BottomLayer","CAP0402","159.6230","77.3650","360",""
"C171","100nF, 16V","BottomLayer","CAP0402","109.6980","71.8650","360",""
"C73","100nF, 16V","BottomLayer","CAP0402","21.1100","40.2650","180",""
"C28","1uF, 10V","BottomLayer","CAP0402","27.2600","59.1250","270",""
"C165","1uF, 10V","BottomLayer","CAP0402","137.9370","72.4875","180",""
"C164","1uF, 10V","BottomLayer","CAP0402","157.5230","72.5150","180",""
"C167","1uF, 10V","BottomLayer","CAP0402","107.6500","67.0150","180",""
"C72","1uF, 10V","BottomLayer","CAP0402","23.1580","45.1150","360",""
"C74","47uF, 10V","BottomLayer","CAP1206","20.0080","38.2550","360",""
"C71","47uF, 10V","BottomLayer","CAP1206","8.6000","34.0250","360",""
"C51","100nF, 16V","BottomLayer","CAP0402","93.5500","65.0000","360",""
"C48","100nF, 16V","BottomLayer","CAP0402","113.1750","6.1250","180",""
"C217","22nF, 50V","BottomLayer","CAP0402","43.3750","90.1000","270",""
"C218","22nF, 50V","BottomLayer","CAP0402","37.0250","96.1500","270",""
"C216","10uF, 25V","BottomLayer","CAP0805","48.2000","91.1750","180",""
"C34","100nF, 16V","BottomLayer","CAP0402","75.4760","47.4350","360",""
"C35","100nF, 16V","BottomLayer","CAP0402","82.2510","59.1850","180",""
"C45","100nF, 16V","BottomLayer","CAP0402","80.1510","59.1850","180",""
"C44","100nF, 16V","BottomLayer","CAP0402","78.0510","59.1850","180",""
"C43","100nF, 16V","BottomLayer","CAP0402","75.9510","59.1850","180",""
"C33","1uF, 10V","BottomLayer","CAP0402","75.4760","46.4350","180","CAP CER 1UF 10V X5R 0402"
"C95","100pF, 50V","BottomLayer","CAP0402","156.1000","27.1000","180",""
"C3","47uF, 10V","BottomLayer","CAP1206","51.1250","38.6500","360",""
"C9","100nF, 16V","BottomLayer","CAP0402","55.7000","59.9000","360",""
"BR1","KMB210S","BottomLayer","KMB210S_RECTIFIER_BRIDGE","95.3750","91.8500","360",""
"BR2","KMB210S","BottomLayer","KMB210S_RECTIFIER_BRIDGE","74.4250","92.3500","360",""
"XT2","6MHz","TopLayer","CRYSTAL_ABLS-6.000MHZ-B4-T","99.3750","10.2250","180",""
"VT2","DMG1012T","BottomLayer","SOT523","87.9000","16.2700","270",""
"VT1","IRLML6244TRPBF","BottomLayer","SOT23-3","5.3750","23.8500","270","NDS331N"
"VD4","TVS","BottomLayer","SOD323","84.3500","98.4250","270",""
"VD3","TVS","BottomLayer","SOD323","88.1750","90.4250","90",""
"VD2","TVS","BottomLayer","SOD323","86.9000","97.4750","360",""
"VD1","TVS","BottomLayer","SOD323","90.0450","90.4250","90",""
"SB1","Switch tactile right edge","TopLayer","SW_TACTILE_RIGHT_EDGE","119.5000","3.7750","360",""
"R100","1.5k, 1%","BottomLayer","RES0402","73.6750","24.7250","0",""
"R104","22R","BottomLayer","RES0402","69.8875","39.2500","90",""
"R103","22R","BottomLayer","RES0402","68.6625","39.2500","90",""
"R186","10k, 1%","BottomLayer","RES0402","112.9400","69.6600","90",""
"R107","0R","TopLayer","RES0402","75.8500","13.1750","270",""
"R179","0R","BottomLayer","RES0805","116.1770","74.3480","270",""
"R176","0R","BottomLayer","RES0402","111.7150","69.6600","270",""
"R116","2k2, 1%","TopLayer","RES0402","75.8500","17.6250","270",""
"R112","2k2, 1%","TopLayer","RES0402","77.0750","17.6250","90",""
"R25","470R, 1%","BottomLayer","RES0402","75.9000","106.2250","180",""
"R24","470R, 1%","BottomLayer","RES0402","86.6500","106.2250","180",""
"R86","470R, 1%","BottomLayer","RES0402","64.9101","2.3525","90",""
"R81","1k, 1%","BottomLayer","RES0402","87.9099","18.4397","360",""
"R83","470R, 1%","BottomLayer","RES0402","105.7101","3.2500","180",""
"R78","0R","BottomLayer","RES0402","85.6849","16.2897","270",""
"R82","470R, 1%","BottomLayer","RES0402","101.9101","3.2500","0",""
"R77","10k, 1%","BottomLayer","RES0402","119.5250","5.3550","180",""
"R80","470R, 1%","BottomLayer","RES0402","98.2101","3.2500","180",""
"R79","470R, 1%","BottomLayer","RES0402","94.4101","3.2500","0",""
"R76","470R, 1%","BottomLayer","RES0402","90.7101","3.2525","180",""
"R75","470R, 1%","BottomLayer","RES0402","86.9101","3.2525","0",""
"R74","470R, 1%","BottomLayer","RES0402","83.2101","3.2525","180",""
"R69","0R","BottomLayer","RES0402","7.0750","21.3250","180",""
"R73","470R, 1%","BottomLayer","RES0402","79.4101","3.2525","0",""
"R66","0R","BottomLayer","RES0402","2.6750","24.8750","270",""
"R71","470R, 1%","BottomLayer","RES0402","75.7101","3.2525","180",""
"R65","0R","BottomLayer","RES0402","2.1750","22.5780","360",""
"R68","470R, 1%","BottomLayer","RES0402","71.9101","3.2525","0",""
"R43","2k2, 1%","BottomLayer","RES0402","62.5400","16.6150","90",""
"R42","2k2, 1%","BottomLayer","RES0402","61.2700","16.6150","90",""
"R40","10k, 1%","BottomLayer","RES0402","84.7500","57.8510","180",""
"L4","22nH, 2%","TopLayer","RES0603","108.5900","86.7500","180",""
"L3","22nH, 2%","TopLayer","RES0603","146.5900","86.7500","180",""
"L2","22nH, 2%","TopLayer","RES0603","116.9250","90.2500","360",""
"L1","22nH, 2%","TopLayer","RES0603","154.9250","90.2500","0",""
"J27","USB type C connector","TopLayer","DUAL_USB-C_632723100011","53.9250","105.1350","180",""
"IC19","93LC66AT","BottomLayer","SOIC127P600-8DL_v2","71.8500","11.3300","270",""
"IC18","TUSB2036","BottomLayer","TUSB2036_USB_HUB_32-LQFP","70.0750","30.5250","90",""
"IC20","FSUSB42UMX","TopLayer","FSUSB42UMX","72.5750","17.8000","270",""
"IC12","ATECC508A","BottomLayer","SOIC127P600-8DL_v2","56.4250","11.3250","90",""
"IC13","ATECC508A","BottomLayer","ATECC508A_UDFN8","56.4250","11.3750","90",""
"IC10","CAT24C128WI-GT3","BottomLayer","SOIC127P600-8DL_v2","63.1750","11.3250","90","CAT24C128WI-GT3"
"IC11","M24128","BottomLayer","M24128-DFMC6TG","63.1750","11.3750","90",""
"IC9","LM75","BottomLayer","HWSON8_LM75","85.0000","55.0000","270",""
"FR10","600R, 2A","BottomLayer","RES0805","112.9250","61.8000","90",""
"FR11","600R, 2A","BottomLayer","RES0805","146.8750","71.9500","90",""
"FR4","600R, 0.5A","BottomLayer","RES0402","47.7500","108.9500","360",""
"C66","4.7uF, 6.3V","BottomLayer","CAP0402","76.3500","34.2500","270",""
"C65","100nF, 16V","BottomLayer","CAP0402","70.7750","24.7000","180",""
"C64","100nF, 16V","BottomLayer","CAP0402","67.6000","24.6750","360",""
"C67","100nF, 16V","BottomLayer","CAP0402","70.4450","6.7650","360",""
"C6","47uF, 10V","BottomLayer","CAP1206","58.7250","39.8978","180",""
"C178","100nF, 16V","BottomLayer","CAP0402","113.0750","64.8750","90",""
"C179","100nF, 16V","BottomLayer","CAP0402","146.3250","75.1000","90",""
"C176","1uF, 10V","BottomLayer","CAP0402","111.9500","64.8750","270","CAP CER 1UF 10V X5R 0402"
"C177","1uF, 10V","BottomLayer","CAP0402","147.3250","75.1000","270","CAP CER 1UF 10V X5R 0402"
"C174","100nF, 16V","BottomLayer","CAP0402","117.8750","68.0600","270",""
"C170","100nF, 16V","BottomLayer","CAP0402","117.7750","70.8250","360",""
"C166","1uF, 10V","BottomLayer","CAP0402","115.7270","65.9750","180",""
"C161","100pF, 50V","TopLayer","CAP0402","107.7400","84.9750","270",""
"C160","100pF, 50V","TopLayer","CAP0402","145.7400","84.9750","270",""
"C163","100pF, 50V","TopLayer","CAP0402","101.8000","97.0000","270",""
"C162","100pF, 50V","TopLayer","CAP0402","139.8000","97.0000","270",""
"C159","100pF, 50V","TopLayer","CAP0402","103.1000","89.6217","270",""
"C158","100pF, 50V","TopLayer","CAP0402","141.1000","89.6217","270",""
"C157","100pF, 50V","TopLayer","CAP0402","99.6250","91.8250","90",""
"C156","100pF, 50V","TopLayer","CAP0402","137.6250","91.8250","90",""
"C155","100pF, 50V","TopLayer","CAP0402","108.9400","88.1375","360",""
"C154","100nF, 16V","TopLayer","CAP0402","108.9400","89.2625","180",""
"C153","100pF, 50V","TopLayer","CAP0402","146.9400","88.1375","360",""
"C152","100nF, 16V","TopLayer","CAP0402","146.9400","89.2625","180",""
"C151","10nF, 50V","TopLayer","CAP0402","100.8251","90.0150","180",""
"C150","10nF, 50V","TopLayer","CAP0402","138.8250","90.0150","180",""
"C149","1uF, 10V","TopLayer","CAP0402","108.9400","90.3875","360","CAP CER 1UF 10V X5R 0402"
"C148","1uF, 10V","TopLayer","CAP0402","146.9400","90.3875","360","CAP CER 1UF 10V X5R 0402"
"C147","470nF, 16V","TopLayer","CAP0805_FEEDTHROUGH","109.4400","92.6625","270",""
"C146","470nF, 16V","TopLayer","CAP0805_FEEDTHROUGH","147.4400","92.6625","270",""
"C145","100pF, 50V","TopLayer","CAP0402","116.4500","96.2750","360",""
"C143","100pF, 50V","TopLayer","CAP0402","123.7000","96.3750","270",""
"C142","100pF, 50V","TopLayer","CAP0402","161.7000","96.3750","270",""
"C141","100pF, 50V","TopLayer","CAP0402","117.3750","92.2500","270",""
"C139","100pF, 50V","TopLayer","CAP0402","155.3750","92.2500","270",""
"C140","100pF, 50V","TopLayer","CAP0402","126.7400","84.9750","270",""
"C138","100pF, 50V","TopLayer","CAP0402","164.7400","84.9750","270",""
"C137","10nF, 50V","TopLayer","CAP0402","124.2500","93.7000","270",""
"C136","100pF, 50V","TopLayer","CAP0402","121.9400","91.4750","180",""
"C135","10nF, 50V","TopLayer","CAP0402","162.2500","93.7000","270",""
"C134","100pF, 50V","TopLayer","CAP0402","159.9400","91.4750","180",""
"C133","100pF, 50V","TopLayer","CAP0402","116.5750","88.8625","180",""
"C132","100nF, 16V","TopLayer","CAP0402","116.5750","87.7375","360",""
"C131","100pF, 50V","TopLayer","CAP0402","154.5750","88.8625","180",""
"C130","100nF, 16V","TopLayer","CAP0402","154.5750","87.7375","360",""
"C129","1uF, 10V","TopLayer","CAP0402","116.5750","86.6125","180","CAP CER 1UF 10V X5R 0402"
"C128","1uF, 10V","TopLayer","CAP0402","154.5750","86.6125","180","CAP CER 1UF 10V X5R 0402"
"C127","470nF, 16V","TopLayer","CAP0805_FEEDTHROUGH","117.1250","84.6375","180",""
"C126","470nF, 16V","TopLayer","CAP0805_FEEDTHROUGH","155.1250","84.6375","180",""
"C70","100nF, 16V","TopLayer","CAP0402","74.7750","16.5250","270",""
"C21","100nF, 16V","BottomLayer","CAP0402","85.6250","91.2250","270",""
"C49","100nF, 16V","BottomLayer","CAP0402","119.5250","4.3050","360",""
"C47","100nF, 16V","BottomLayer","CAP0402","57.7750","16.1750","180",""
"C46","100nF, 16V","BottomLayer","CAP0402","4.8750","21.3250","360",""
"C39","100nF, 16V","BottomLayer","CAP0402","64.5250","16.1750","180",""
"C32","100nF, 16V","BottomLayer","CAP0402","84.7500","52.1490","360",""
"C60","100nF, 16V","BottomLayer","CAP0402","47.7500","107.8750","180",""
"R109","1k, 1%","BottomLayer","RES0402","73.1310","16.0650","360",""
"R95","1.6k, 1%","BottomLayer","RES0402","76.9250","30.1250","0",""
"R106","15k, 1%","BottomLayer","RES0402","68.1625","40.9750","180",""
"R105","15k, 1%","BottomLayer","RES0402","70.3875","40.9750","0",""
"R151","0R","BottomLayer","RES0402_v2","143.7250","15.3000","360",""
"MECH18","# pcs.","BottomLayer","PCB_standoff","166.5000","3.5000","180","STANDOFF M/F MET 5MM HEX 10MM L"
"MECH17","# pcs.","BottomLayer","PCB_standoff","166.5000","106.5000","180","STANDOFF M/F MET 5MM HEX 10MM L"
"MECH16","# pcs.","BottomLayer","PCB_standoff","3.5000","106.5000","180","STANDOFF M/F MET 5MM HEX 10MM L"
"MECH15","# pcs.","BottomLayer","PCB_standoff","3.5000","3.5000","180","STANDOFF M/F MET 5MM HEX 10MM L"
"C59","22pF, 50V","BottomLayer","CAP0402","76.3750","28.4000","90",""
"C58","22pF, 50V","BottomLayer","CAP0402","78.5750","30.6250","270",""
"XO5","38.4MHz VCTCXO","BottomLayer","CRYSTAL_4-LCC_2P5x2P0","138.7750","13.7000","360","Oscillator Crystal"
"XO4","RTX5032A, 40.00MHz","BottomLayer","RAKON_RTX5032A","136.6750","7.9250","90",""
"XO3","E5280LF 30.72MHz","BottomLayer","RAKON_TXCO","144.2640","6.7650","270",""
"XO2","E6245LF 30.72 MHz","BottomLayer","RAKON_RPT7050A","144.2640","6.6150","270",""
"VD17","SMAJ58A","BottomLayer","SMAJ58A_SHOTTKY_DIODE","63.5750","87.8250","90",""
"VD21","SMBJ14A","BottomLayer","SMAJ12CA-13-F","46.9750","100.6250","270","SMAJ12CA-13-F"
"R7","0R","TopLayer","RES0402","153.0900","18.4350","360",""
"R211","2k2, 1%","BottomLayer","RES0402","26.0000","70.9500","90",""
"R210","0.1R, 1%","BottomLayer","RES2512","22.1000","93.4250","180",""
"R209","150k, 1%","BottomLayer","RES0402","28.3500","70.9500","270",""
"R208","5.1k, 5%","BottomLayer","RES0402","29.5750","70.9500","90",""
"R207","3.92k, 1%","BottomLayer","RES0402","37.2125","91.2625","180",""
"R206","15k, 1%","BottomLayer","RES0402","41.1500","89.9750","90",""
"R205","22k, 1%","BottomLayer","RES0402","41.1545","87.7475","270",""
"R204","845R, 1%","BottomLayer","RES0402","38.8250","77.5750","270","845R, 1%"
"R203","0R","BottomLayer","RES0402","24.9500","78.5000","180",""
"R202","330R, 1%","BottomLayer","RES0603","12.0000","85.4000","270",""
"R201","24.9k, 1%","BottomLayer","RES0402","40.4250","79.1750","360",""
"R200","470k, 1%","BottomLayer","RES0402","40.4250","78.0750","360",""
"R199","10R, 1%","BottomLayer","RES0603","22.7250","74.5250","360",""
"R198","44.2k, 1%","BottomLayer","RES0402","37.2250","76.2000","360",""
"R197","680R, 1%","BottomLayer","RES0402","43.2500","87.8500","180",""
"R196","5.1k, 5%","BottomLayer","RES0402","26.6750","77.9250","270",""
"R195","118k, 1%","BottomLayer","RES0402","37.2250","77.3000","180",""
"R194","75R, 1%","TopLayer","RES0402","57.4750","85.0250","360",""
"R193","75R, 1%","TopLayer","RES0402","16.9250","72.0000","180",""
"R192","30.1R, 1%","BottomLayer","RES0402","37.2250","78.8500","180",""
"R249","1k, 1%","BottomLayer","RES0402","129.4250","32.9000","90",""
"R247","510R, 1%","BottomLayer","RES0402","143.8000","42.0500","90",""
"R248","1.2k, 1%","BottomLayer","RES0402","127.8250","33.4000","360",""
"R246","1.6k, 1%","BottomLayer","RES0402","145.4000","41.5500","360",""
"R238","44.2k, 1%","TopLayer","RES0402","39.8000","37.1000","360",""
"R237","2.21k, 1%","TopLayer","RES0402","42.2500","36.2500","90",""
"R236","100k, 1%","TopLayer","RES0402","39.8000","40.2000","180",""
"R235","44.2k, 1%","TopLayer","RES0402","37.7000","39.7000","180",""
"R234","10k, 1%","TopLayer","RES0402","40.5909","35.9478","360",""
"R173","49.9R, 1%","BottomLayer","RES0402","157.5737","49.5494","90",""
"R172","49.9R, 1%","BottomLayer","RES0402","156.3487","49.5494","90",""
"R171","49.9R, 1%","BottomLayer","RES0402","155.1237","49.5494","90",""
"R170","10k, 1%","BottomLayer","RES0402","154.9647","43.5494","360",""
"R167","3k, 1%","BottomLayer","RES0402","154.4647","45.1494","90",""
"R169","49.9R, 1%","BottomLayer","RES0402","162.5000","18.1500","270",""
"R168","49.9R, 1%","BottomLayer","RES0402","161.4000","18.1500","270",""
"R166","49.9R, 1%","BottomLayer","RES0402","159.3000","19.4500","270",""
"R165","330R, 1%","BottomLayer","RES0402","165.2990","10.4000","180",""
"R164","10k, 1%","BottomLayer","RES0402","165.3490","13.6000","0",""
"R163","10k, 1%","BottomLayer","RES0402","163.6000","18.1500","90",""
"R162","10k, 1%","BottomLayer","RES0402","156.9994","35.0750","270",""
"R161","0R","BottomLayer","RES0402","168.9990","10.9500","270",""
"R160","49.9R, 1%","BottomLayer","RES0402","157.7000","15.2000","180",""
"R159","470R, 1%","BottomLayer","RES0402","167.4490","12.5000","0",""
"R156","0R","BottomLayer","RES0402_v2","155.8487","33.7394","270",""
"R157","3k, 1%","BottomLayer","RES0402","159.0987","35.0744","90",""
"R158","1k, 1%","BottomLayer","RES0402","158.3640","17.8400","180",""
"R153","0R","BottomLayer","RES0402","152.6397","44.6594","360",""
"R152","1k, 1%","BottomLayer","RES0402","153.1397","41.9894","270",""
"R155","10R, 1%","BottomLayer","RES0402","167.7250","18.2000","180",""
"R154","49.9R, 1%","BottomLayer","RES0402","159.3000","10.2750","270",""
"R150","0R","BottomLayer","RES0402","133.5750","11.3000","180",""
"R149","0R","BottomLayer","RES0402_v2","142.7000","12.9750","180",""
"R148","0R","BottomLayer","RES0402","152.8400","2.5650","270",""
"R147","22R, 1%","BottomLayer","RES0402","150.2000","6.0000","180",""
"R146","0R","BottomLayer","RES0402_v2","143.2000","12.4750","90",""
"R144","0R","BottomLayer","RES0402","152.3250","6.0000","180",""
"R143","0R","BottomLayer","RES0402","152.3400","4.1650","360",""
"R142","0R","BottomLayer","RES0402_v2","143.7000","12.9750","360",""
"R141","0R","BottomLayer","RES0402","148.7400","3.6650","90",""
"R140","49.9R, 1%","BottomLayer","RES0402","152.7500","22.5250","180",""
"R138","0R","BottomLayer","RES0402","150.5750","24.7500","360",""
"R137","0R","BottomLayer","RES0402","135.2250","16.5750","180",""
"R136","0R","BottomLayer","RES0402_v2","143.7000","14.0750","360",""
"R32","220R, 1%","BottomLayer","RES0402","5.9000","79.7250","90",""
"R31","2k2, 1%","BottomLayer","RES0402","4.9750","88.6250","360",""
"R30","100R, 1%","BottomLayer","RES0402","5.4000","81.3250","180",""
"R29","2k2, 1%","BottomLayer","RES0402","8.1250","88.6000","360",""
"R28","100R, 1%","BottomLayer","RES0402","7.7000","81.3250","180",""
"R27","220R, 1%","BottomLayer","RES0402","7.2000","79.7250","90",""
"R26","0R","BottomLayer","RES0402","148.6500","57.9500","90",""
"LED7","LED_green","TopLayer","LED-0603-GREEN","94.2000","108.2000","90",""
"L5","1uH, 3.2A","TopLayer","NRS4018T3R3MDGJ_inductor","70.4000","83.7000","360",""
"L6","1uH, 3.2A","BottomLayer","NRS4018T3R3MDGJ_inductor","44.2250","93.5500","270",""
"L7","2.2�H","TopLayer","FDVE1040_TOKO_INDUCTOR","42.0886","29.8250","180",""
"J22","Header 2X1","TopLayer","Header1x2_TH_LOCKING","18.6750","106.1250","360",""
"J51","Header 2X1","TopLayer","Header1x2_TH_LOCKING","40.1000","67.5250","360",""
"J18","FPC 15-pin","TopLayer","FPC_CONNECTOR_15pin_1-1734248-5","140.5000","31.3750","360",""
"J17","FPC 15-pin","TopLayer","FPC_CONNECTOR_15pin_1-1734248-5","140.5000","22.3750","360",""
"J11","Header 4x1","TopLayer","HEADER4X1_TH","150.5500","44.1000","90","Header, 4-pin"
"J53","Scap","TopLayer","874370443_1P5_SMD_HEADER","28.0500","52.9750","270","Header, 4-pin"
"IC46","AP7361-FGE","BottomLayer","AP7361","126.9250","30.3500","270",""
"IC45","AP7361-FGE","BottomLayer","AP7361","146.3000","44.6000","90",""
"IC42","ADP2386","TopLayer","ADP2386","43.5500","40.4500","90",""
"IC44","MCP1525T","BottomLayer","SOT23-3_v2","159.5204","31.4450","90","2.5V Voltage Reference, 3-Pin SOT-23, Industrial Temperature, Tape and Reel"
"IC26","AD5601BKSZ-REEL7","BottomLayer","AD5601_SOT23-6","156.3487","46.5994","270","Single 8-Bit nanoDAC with SPI Interface in LFCSP and SC70, 2.7 to 5.5 V, <100 uA, -40 to +125 degC, KS-6, Pb-Free, Reel"
"IC25","ADF4002","BottomLayer","ADF4002","161.4000","14.1000","90",""
"IC24","AD5662","BottomLayer","AD5662_SOT23-8","156.6737","40.1494","90",""
"IC23","LP5907-3.0","BottomLayer","SOT23-5","132.7750","13.9250","360",""
"IC22","LMK00105","BottomLayer","LMK00105SQ","152.0000","28.3500","360",""
"IC6","NC7WZ16P6X","BottomLayer","SC-70_NC7WZ16P6X","6.5500","77.1250","90",""
"FR13","600R, 2A","BottomLayer","RES0805","60.1500","85.8250","180",""
"FR12","600R, 2A","BottomLayer","RES0805","60.1500","89.8250","180",""
"FR16","600R, 2A","BottomLayer","RES0805","146.2250","49.0500","270",""
"FR15","600R, 0.5A","BottomLayer","RES0402","161.3500","27.8500","180",""
"FR9","600R, 0.5A","BottomLayer","RES0402","160.1987","35.0744","270",""
"FR8","600R, 0.5A","BottomLayer","RES0402","154.7000","13.0000","360",""
"FR7","600R, 0.5A","BottomLayer","RES0402","145.2750","26.7250","90",""
"FR6","600R, 0.5A","BottomLayer","RES0402","150.7500","33.5000","360",""
"FR5","600R, 2A","BottomLayer","RES0805","138.1500","16.5750","180",""
"FR2","600R, 0.5A","BottomLayer","RES0402","8.6500","74.4520","270",""
"FR1","600R, 2A","BottomLayer","RES0805","1.3750","78.0500","270",""
"FL1","Fiducial","TopLayer","Fiducial_local","127.7750","34.9250","0",""
"D7","ER2D-LTP","BottomLayer","ER2D-LTP_DIODE_DO-214AA","14.6000","85.8750","270",""
"D3","ER2D-LTP","BottomLayer","ER2D-LTP_DIODE_DO-214AA","21.2750","81.2250","180",""
"D2","SMBJ100A","BottomLayer","SMBJ100A_DIODE_DO-214AA","31.0750","83.5750","270",""
"C52","100nF, 16V","BottomLayer","CAP0402","143.6250","61.2000","90",""
"C2","22pF, 50V","TopLayer","CAP0402","153.5250","16.3750","270",""
"C1","1uF, 10V","TopLayer","CAP0402","153.5250","20.2000","270","CAP CER 1UF 10V X5R 0402"
"C144","100pF, 50V","TopLayer","CAP0402","154.4500","96.2750","360",""
"C199","1000pF, 2kV","BottomLayer","CAP1812","22.9000","69.0500","90",""
"C201","47nF, 50V","BottomLayer","CAP0603","27.6000","80.6000","360",""
"C200","47nF, 50V","BottomLayer","CAP0603","39.0250","88.7750","270",""
"C198","100pF, 200V","BottomLayer","CAP0402","11.6500","87.9000","180",""
"C197","10nF, 50V","BottomLayer","CAP0402","22.7250","78.5000","360",""
"C196","470nF, 50V","BottomLayer","CAP0402","23.6250","76.9000","90",""
"C195","470pF, 200V","TopLayer","CAP0603","60.4250","85.0250","360",""
"C194","100nF, 16V","TopLayer","CAP0402","77.3000","87.7000","180",""
"C192","100nF, 16V","TopLayer","CAP0402","70.1000","78.5000","180",""
"C193","10uF, 25V","TopLayer","CAP0805","77.3000","86.2000","180",""
"C40","100nF, 16V","BottomLayer","CAP0402","69.6510","59.1850","180",""
"C36","100nF, 16V","BottomLayer","CAP0402","82.4000","53.1500","180",""
"C191","10uF, 25V","TopLayer","CAP0805","67.7000","75.0250","90",""
"C190","10uF, 25V","TopLayer","CAP0805","63.0000","85.9000","270",""
"C189","10uF, 25V","TopLayer","CAP0805","64.8000","85.9000","270",""
"C188","2.2uF, 100V","BottomLayer","CAP1206","25.4250","74.7000","270",""
"C180","100nF, 100V","BottomLayer","CAP0603","34.5750","83.0500","270",""
"C187","1nF, 100V","BottomLayer","CAP0603","66.2750","87.8250","270",""
"C186","100nF, 100V","BottomLayer","CAP0603","46.5500","79.4250","90",""
"C239","4.7uF, 6.3V","BottomLayer","CAP0402","123.8750","31.4000","90",""
"C238","4.7uF, 6.3V","BottomLayer","CAP0402","126.1750","25.8250","90",""
"C236","4.7uF, 6.3V","BottomLayer","CAP0402","147.7750","41.5500","180",""
"C235","4.7uF, 6.3V","BottomLayer","CAP0402","148.1500","47.2250","180",""
"C222","22nF, 50V","TopLayer","CAP0402","39.8000","39.1750","180",""
"C221","1200pF, 50V","TopLayer","CAP0402","38.2605","37.6000","90",""
"C220","4.7pF, 50V","TopLayer","CAP0402","39.8000","38.1500","180",""
"C219","1uF, 10V","TopLayer","CAP0402","43.3000","36.2500","270",""
"C215","100uF, 6.3V","TopLayer","CAP1206","34.8500","26.8000","90",""
"C214","47uF, 6.3V","TopLayer","CAP1206","34.8500","34.0250","270",""
"C213","47uF, 6.3V","TopLayer","CAP1206","32.7312","34.0188","270",""
"C212","10uF, 25V","TopLayer","CAP0805","38.7125","41.9905","360",""
"C211","100nF, 16V","TopLayer","CAP0402","44.3000","43.9500","360",""
"C230","4.7uF, 6.3V","BottomLayer","CAP0402","159.1250","27.8500","360",""
"C125","100nF, 16V","BottomLayer","CAP0402","157.0012","43.9879","270",""
"C229","1uF, 10V","BottomLayer","CAP0402","157.0754","30.8404","270",""
"C228","100nF, 16V","BottomLayer","CAP0402","159.1250","28.8500","180",""
"C124","10pF, 25V","BottomLayer","CAP0402","160.3500","18.1500","270",""
"C119","100nF, 16V","BottomLayer","CAP0402","156.4994","37.6297","180",""
"C118","1uF, 10V","BottomLayer","CAP0402","156.4987","36.6244","360","CAP CER 1UF 10V X5R 0402"
"C123","220pF, 10%","BottomLayer","CAP0402","161.9500","10.8250","0",""
"C122","22pF, 50V","BottomLayer","CAP0402","165.7990","12.0000","90",""
"C121","22pF, 50V","BottomLayer","CAP0402","164.7990","12.0000","90",""
"C120","22pF, 50V","BottomLayer","CAP0402","167.4490","11.4500","0",""
"C114","1nF, 50V","BottomLayer","CAP0402","154.4737","38.3744","270",""
"C117","1nF, 50V","BottomLayer","CAP0402","155.7000","15.2000","180",""
"C116","1nF, 50V","BottomLayer","CAP0402","157.7000","14.1000","180",""
"C115","100nF, 16V","BottomLayer","CAP0402","168.3250","16.8000","360",""
"C110","100nF, 16V","BottomLayer","CAP0402","152.6397","43.5494","360",""
"C113","100pF, 50V","BottomLayer","CAP0402","168.3250","15.8000","180",""
"C112","100pF, 50V","BottomLayer","CAP0402","165.6000","17.2000","180",""
"C111","100pF, 50V","BottomLayer","CAP0402","165.6000","16.2000","180",""
"C109","100pF, 50V","BottomLayer","CAP0402","159.5981","38.8644","360",""
"C108","100nF, 16V","BottomLayer","CAP0402","159.5981","37.8644","360",""
"C107","1uF, 10V","BottomLayer","CAP0402","159.5981","36.8644","180","CAP CER 1UF 10V X5R 0402"
"C106","100pF, 50V","BottomLayer","CAP0402","157.7000","9.7750","180",""
"C105","100pF, 50V","BottomLayer","CAP0402","160.4000","10.2750","270",""
"C104","100pF, 50V","BottomLayer","CAP0402","157.2500","12.5000","270",""
"C103","100pF, 50V","BottomLayer","CAP0402","158.2500","12.5000","270",""
"C102","100nF, 16V","BottomLayer","CAP0402","156.2500","12.5000","90",""
"C101","100nF, 16V","BottomLayer","CAP0402","165.6000","18.2000","0",""
"C100","1uF, 10V","BottomLayer","CAP0402","135.3000","12.4750","90",""
"C99","1uF, 10V","BottomLayer","CAP0402","131.4750","9.7500","90",""
"C98","100nF, 16V","BottomLayer","CAP0402","136.3000","12.4750","90",""
"C97","100nF, 16V","BottomLayer","CAP0402","130.9750","11.3000","360",""
"C90","18nF, 16V","BottomLayer","CAP0402","139.9250","8.5250","180",""
"C89","100nF, 16V","BottomLayer","CAP0402","139.3750","6.5000","270",""
"C88","1uF, 10V","BottomLayer","CAP0402","140.3750","6.5000","270","CAP CER 1UF 10V X5R 0402"
"C94","100pF, 50V","BottomLayer","CAP0402","148.7000","26.7250","90",""
"C93","100pF, 50V","BottomLayer","CAP0402","155.5750","29.6000","270",""
"C92","100nF, 16V","BottomLayer","CAP0402","147.5750","26.7250","90",""
"C87","100pF, 50V","BottomLayer","CAP0402","150.7500","31.4500","360",""
"C86","100pF, 50V","BottomLayer","CAP0402","150.5750","23.5750","360",""
"C85","100nF, 16V","BottomLayer","CAP0402","150.5750","22.4500","360",""
"C84","1uF, 10V","BottomLayer","CAP0402","150.7500","32.4500","360","CAP CER 1UF 10V X5R 0402"
"C91","1uF, 10V","BottomLayer","CAP0402","146.4500","26.7250","90","CAP CER 1UF 10V X5R 0402"
"C83","1uF, 10V","BottomLayer","CAP0402","150.7900","3.6650","90","CAP CER 1UF 10V X5R 0402"
"C82","100nF, 16V","BottomLayer","CAP0402","149.7900","3.6650","90",""
"C96","100pF, 50V","BottomLayer","CAP0402","148.7000","30.3500","270",""
"C81","100nF, 16V","BottomLayer","CAP0402","153.3500","24.2500","90",""
"C80","100nF, 16V","BottomLayer","CAP0402","152.2500","20.8000","270",""
"C79","100nF, 16V","BottomLayer","CAP0402","152.2500","24.2500","270",""
"C78","100pF, 50V","BottomLayer","CAP0402","131.2000","17.0750","90",""
"C77","10uF, 16V","BottomLayer","CAP0603","133.4750","17.4250","270",""
"C76","100nF, 16V","BottomLayer","CAP0402","132.2000","17.0750","270",""
"C27","100nF, 16V","BottomLayer","CAP0402","9.1500","77.1250","360",""
"C26","1uF, 10V","BottomLayer","CAP0402","9.1525","76.1245","180","CAP CER 1UF 10V X5R 0402"
"C25","47uF, 10V","BottomLayer","CAP1206","5.4750","85.5500","270",""
"C24","100nF, 16V","BottomLayer","CAP0402","5.4000","82.3750","360",""
"C23","100nF, 16V","BottomLayer","CAP0402","7.7000","82.3750","360",""
"C22","47uF, 10V","BottomLayer","CAP1206","7.6250","85.5500","270",""
"C12","100nF, 16V","BottomLayer","CAP0402","1.8000","80.7000","90",""
"C10","10uF, 16V","BottomLayer","CAP0603","3.3750","81.0500","270",""
"C20","100nF, 16V","BottomLayer","CAP0402","152.0715","48.4000","90",""
"C4","47uF, 10V","BottomLayer","CAP1206","51.1500","41.0050","360",""
"AT1","PS2801-1-A","BottomLayer","TCMT1107CT_optoisolator","39.6000","84.5500","270",""
"XO1","U7475LF 30.72MHz","TopLayer","AOCJYR-10.000MHz","134.0250","8.0750","360",""
"LS1","WST-1203UX","TopLayer","BUZZER_WST-1203UX","84.9500","13.6250","90",""
"LED6","LED_RG_SMD","TopLayer","LED-2x0603","66.3101","2.5525","90",""
"LED5","LED_RG_SMD","TopLayer","LED-2x0603","103.8101","2.5500","90",""
"LED4","LED_RG_SMD","TopLayer","LED-2x0603","96.3101","2.5500","90",""
"LED3","LED_RG_SMD","TopLayer","LED-2x0603","88.8101","2.5525","90",""
"LED2","LED_RG_SMD","TopLayer","LED-2x0603","81.3101","2.5525","90",""
"LED1","LED_RG_SMD","TopLayer","LED-2x0603","73.8101","2.5525","90",""
"J6","nano SIM (push-push)","TopLayer","NANO_SIM_SIM8066-6-1-14-01-A","162.1450","19.4500","90",""
"J3","1775862-2","TopLayer","MINIPCIE_CONNECTOR_XTRX","110.8250","46.9750","360","CONN PCI EXP MINI FEMALE 52POS"
"J46","U.FL/MMCX","TopLayer","MMCX_UFL_conn_u","107.7400","79.5250","360","CONN UMC RCPT STR 50 OHM SMD"
"J45","U.FL/MMCX","TopLayer","MMCX_UFL_conn_u","145.7400","79.5250","0","CONN UMC RCPT STR 50 OHM SMD"
"J34","U.FL/MMCX","TopLayer","MMCX_UFL_conn_u","140.3500","37.7500","270","CONN UMC RCPT STR 50 OHM SMD"
"J42","U.FL/MMCX","TopLayer","MMCX_UFL_conn_u","126.7400","79.5250","360","CONN UMC RCPT STR 50 OHM SMD"
"J41","U.FL/MMCX","TopLayer","MMCX_UFL_conn_u","164.7400","79.5250","0","CONN UMC RCPT STR 50 OHM SMD"
"J50","CONN_PWR_JACK_2.1x5.5mm","TopLayer","CONN_PWR_JACK_v2","66.7500","102.1250","360","Power Connector, THT, 2.1mm ID, 5.5mm OD"
"J16","A/V, 3.5mm","TopLayer","Audio_jack_3.5mm","6.6500","94.5500","360",""
"J7","Micro SD card holder","TopLayer","MICRO_SD_CARD_114-00841-68_v2","6.5930","80.1000","270",""
"J2","CM4 High speed","TopLayer","FP-DF40HC_3_0_-100DS-0_4V-MFG","89.6250","45.9750","270",""
"J1","CM4 Misc GPIO","TopLayer","FP-DF40HC_3_0_-100DS-0_4V-MFG","55.6250","45.9750","270",""
"J9","ETHERNET WITH MAGNETICS","TopLayer","RJ45_ETHERNET_MAG_A70-112-331N126","85.0000","99.7500","180","MagJack A70-112-331N126 or LINK-PP LPJG0926HENL"
"BATT1","CR1220 Battery Holder","TopLayer","CR1220_SMD_holder","135.2375","62.2625","270",""
"F1","Fiducial","TopLayer","Fiducial","-8.0150","-8.0000","0",""
"F2","Fiducial","TopLayer","Fiducial","178.0150","-8.0000","0",""
"F3","Fiducial","TopLayer","Fiducial","178.0150","118.0000","0",""
"F4","Fiducial","TopLayer","Fiducial","-8.0150","118.0000","0",""
"F5","Fiducial","BottomLayer","Fiducial","-8.0150","-8.0000","0",""
"F6","Fiducial","BottomLayer","Fiducial","178.0150","-8.0000","0",""
"F7","Fiducial","BottomLayer","Fiducial","178.0150","118.0000","0",""
"F8","Fiducial","BottomLayer","Fiducial","-8.0150","118.0000","0",""
